token,tx_hash,index,type_script_args,address,data,amount
USDT|eth,0xe748429a2d312a4f69850980d12f1af171cc3a960c9565d611686601c81814c7,0x4,0x1b89ae72b96c4f02fa7667ab46febcedf9b495737752176303ddd215d66a615a,ckb1qrchzlhr3zccrl93gdfq2hqqkl48e47zwdg0l5dzm533upvamch76q2q6uls60zkrl92uvcw40qrpkxed2ws4umdp3g3fzpktz34pju78wt3tfrsp3jnxa0qq3pln5ntjmamext9aq2xyxr37t79kxcepmxv6z3nddsqvt58qtl5cdkxnd5zljq7mhq4f8netdy7vukjaag9n8padh8qqqqqqqqqp24fedtncm9435xu9yny6gnsqylnc6yzgwf3pyn620ezv02tusgwqqqqqqqqqqqqqqqqqqqqqqqqqqqfqt6spyqqqq8f0rwj7e9ld8esglcgeztv284nv87edq8g97r2wmvg3cp3lvy5xvqqqqqqqqqqqqqqqqqqqqqqqqqqqqqqqqqqqqqqqqqqqqqqqqqqqdl8s4a,0x80841e00000000000000000000000000,2000000
USDT|eth,0xc7190176e9b1d4522b225c47adece3a3380f5bd82e349dfb81641860b0a7e9e2,0x3,0x1b89ae72b96c4f02fa7667ab46febcedf9b495737752176303ddd215d66a615a,ckb1qrchzlhr3zccrl93gdfq2hqqkl48e47zwdg0l5dzm533upvamch76q2q6uls60zkrl92uvcw40qrpkxed2ws4umdp3g3fzpktz34pju78vyvzl2p69uxc4eqwsxkwx4yc4a7t5assspgzzt52z3ykjpq0vqgdwatdx6jwuslsz3altj3x9j8nkay5qz47l36vnpkvsu2h48dswxdgtfsqqqqqqqqp24fedtncm9435xu9yny6gnsqylnc6yzgwf3pyn620ezv02tusgwqqqqqqqqqqqqqqqqqqqqqqqqqqq8zf2kpyqqqqzkk0nfshctjkeaun40tjdues490jzttu3e5z78w3w0eafrq923c5qqqqqqqqqqqqqqqqqqqqqqqqqqqqqqqqqqqqqqqqqqqqqqqqqqq92rsah,0xc0e1e400000000000000000000000000,15000000
USDT|eth,0x5883966ecf36cf39ed26dba80fdfacf493cb289abc39bfdf3bd1c3c92ad0d081,0x1,0x1b89ae72b96c4f02fa7667ab46febcedf9b495737752176303ddd215d66a615a,ckb1qzl58smqy32hnrq6vxjedcxe2fugvnz497h7yvwqvwel40uh4rltcqfeehuyj2kgpuntn308jhverl98g5267lgfcswvj,0xfce7bb2c000000000000000000000000,750512124
USDT|eth,0x9e42ffa91ddf035868811c07e88f82b4b84cd6049aa55da033a11ff988f10b82,0x1,0x1b89ae72b96c4f02fa7667ab46febcedf9b495737752176303ddd215d66a615a,ckb1qzl58smqy32hnrq6vxjedcxe2fugvnz497h7yvwqvwel40uh4rltcq05jqac9t3e46saf6gnefdna07v358dc5cwfpy25,0xc676ee0b000000000000000000000000,200177350
USDT|eth,0xff777968b0059e30610724d48d5b0c16f1c15ccb2d53bc4aa0bc02dd1612d7d6,0x1,0x1b89ae72b96c4f02fa7667ab46febcedf9b495737752176303ddd215d66a615a,ckb1qzl58smqy32hnrq6vxjedcxe2fugvnz497h7yvwqvwel40uh4rltcq0s9g6wkt72r3jjhk4akdn404mgjsv3kvsnqg9fr,0x404b4c00000000000000000000000000,5000000
USDT|eth,0x7c06a218b22f06f482cd0428b4599b2edef224d673c8c63b7219cc5bf2f7db2c,0x1,0x1b89ae72b96c4f02fa7667ab46febcedf9b495737752176303ddd215d66a615a,ckb1qzl58smqy32hnrq6vxjedcxe2fugvnz497h7yvwqvwel40uh4rltcqwqu6dh64gwrd850pd5up9x4geyz2lj0ecuk9tln,0x40420f00000000000000000000000000,1000000
USDT|eth,0xcc29a6a3cc960eb62646ef1a1dbff7edea89bad5b521d21e92510c42915e8459,0x1,0x1b89ae72b96c4f02fa7667ab46febcedf9b495737752176303ddd215d66a615a,ckb1qzl58smqy32hnrq6vxjedcxe2fugvnz497h7yvwqvwel40uh4rltcqtuhft0xqx5n6f7yeds3z5tmyrxkyukn4qa2apgp,0x4c000000000000000000000000000000,76
USDT|eth,0x5b8304a17c9c3c0f2e92c0ce96efaa6df616d0de0a172e857a44695aaac7eedf,0x0,0x1b89ae72b96c4f02fa7667ab46febcedf9b495737752176303ddd215d66a615a,ckb1qz0n46hjl3pe2jwtepcvv5ehf9p6l94qvk9addgmarvfsvvrum6j7qgp7c2fh9ajpaxemkqzcx5dkn4r2nefl2q3qq0z9wnz,0x40420f00000000000000000000000000,1000000
USDT|eth,0xfbbcb7a9a4cca77e4b5a429ea65317471dae92a046f1617ffaf7568ba302b883,0x0,0x1b89ae72b96c4f02fa7667ab46febcedf9b495737752176303ddd215d66a615a,ckb1qz0n46hjl3pe2jwtepcvv5ehf9p6l94qvk9addgmarvfsvvrum6j7qgpnlk7s2chtuyw80wcldc3w5lphq37rjcwqqnd2x4d,0xe6ae4503000000000000000000000000,54898406
USDT|eth,0xd4b3df8ba2ed8d9a986bd0758bf9329189507973c152dac0130c08d8786b99ac,0x1,0x1b89ae72b96c4f02fa7667ab46febcedf9b495737752176303ddd215d66a615a,ckb1qzl58smqy32hnrq6vxjedcxe2fugvnz497h7yvwqvwel40uh4rltcqtvpvu0y55t3e0tp9mc6uzs9lgfjr7lqpq3f4jwe,0x40420f00000000000000000000000000,1000000
USDT|eth,0xe64db98768b443ba9159b5629ca020c7aa5c8da672c1d3423314552a0f37196d,0x0,0x1b89ae72b96c4f02fa7667ab46febcedf9b495737752176303ddd215d66a615a,ckb1qz0n46hjl3pe2jwtepcvv5ehf9p6l94qvk9addgmarvfsvvrum6j7qgpk4c2ra609kfzs67fcle82mpj96ktw6jyqqdhlc4k,0x5f4a0e00000000000000000000000000,936543
USDT|eth,0x333867bd8f5c22acc75d8cca36bc435074d926ea464ba950c31aefa14ffd8cc4,0x0,0x1b89ae72b96c4f02fa7667ab46febcedf9b495737752176303ddd215d66a615a,ckb1qz0n46hjl3pe2jwtepcvv5ehf9p6l94qvk9addgmarvfsvvrum6j7qgppl0ndyumx624z548ntr6zfcmzpvvasgfqqqagk2f,0x6561d208000000000000000000000000,148005221
USDT|eth,0x216beefc931a58588f9218e75b6fa48740163dbc3036fdd87e45ea162260ba83,0x1,0x1b89ae72b96c4f02fa7667ab46febcedf9b495737752176303ddd215d66a615a,ckb1qzl58smqy32hnrq6vxjedcxe2fugvnz497h7yvwqvwel40uh4rltcqgtwkmltpvn0zwelpz4urcsksts9facwzs4z0d9t,0x17c65300000000000000000000000000,5490199
USDT|eth,0xcc153c971b4211bdfa5c3c39e2d68e31c00ae129276ed7f585f6fe0e53e99c56,0x1,0x1b89ae72b96c4f02fa7667ab46febcedf9b495737752176303ddd215d66a615a,ckb1qzl58smqy32hnrq6vxjedcxe2fugvnz497h7yvwqvwel40uh4rltcq0kpqr5fjs7mehtlspau0rss0gx3xyjr7qr508l4,0x003b5808000000000000000000000000,140000000
USDT|eth,0xc8f497624af056a9964548371c830bca2a16eed9e23da591a24c2d91612ac8fe,0x1,0x1b89ae72b96c4f02fa7667ab46febcedf9b495737752176303ddd215d66a615a,ckb1qz0n46hjl3pe2jwtepcvv5ehf9p6l94qvk9addgmarvfsvvrum6j7qgp2g503vuwwpe9tcan4zazvyt2e90jefxdqq59h06s,0x90ab57b2000000000000000000000000,2992090000
USDT|eth,0x066fbf3e3307783f3a2d602bcc0f94d0c080ad31391985dfb7777405791eceab,0x0,0x1b89ae72b96c4f02fa7667ab46febcedf9b495737752176303ddd215d66a615a,ckb1qz0n46hjl3pe2jwtepcvv5ehf9p6l94qvk9addgmarvfsvvrum6j7qgpfczc7styfrhkuqf9yxq3hrs3n0d97kteqqtnydym,0x7a66d801000000000000000000000000,30959226
USDT|eth,0xb02ec5e534afb13907852492739792d627474a944bbe81fdcf336f61ab4bbc0c,0x0,0x1b89ae72b96c4f02fa7667ab46febcedf9b495737752176303ddd215d66a615a,ckb1qz0n46hjl3pe2jwtepcvv5ehf9p6l94qvk9addgmarvfsvvrum6j7qgp8fzfgzxs720ehdzc0kehvfc573le0924qqht0zw4,0x69722000000000000000000000000000,2126441
USDT|eth,0x990335d7abab776aabf7fb0adc2d55f3aa8a7d42c23273c0fd1572bb4affcb86,0x0,0x1b89ae72b96c4f02fa7667ab46febcedf9b495737752176303ddd215d66a615a,ckb1qz0n46hjl3pe2jwtepcvv5ehf9p6l94qvk9addgmarvfsvvrum6j7qgpuvr0j345du7zmyrtrmut6wgw5me58f6uqqkq8rty,0x7b41bd0e000000000000000000000000,247284091
USDT|eth,0xd12a9770cbda387b6a1a2f8baea5b90be08ead51e315378243a0cd6bc2863dda,0x0,0x1b89ae72b96c4f02fa7667ab46febcedf9b495737752176303ddd215d66a615a,ckb1qz0n46hjl3pe2jwtepcvv5ehf9p6l94qvk9addgmarvfsvvrum6j7qgpfpsg4p8kd2dtudpnkr4gza39z5pypcehqqjnchz5,0x40420f00000000000000000000000000,1000000
USDT|eth,0x244401b4c18b4b1ba1b9e668635500015815230ceb69b79f8f83fe5232cf01d1,0x0,0x1b89ae72b96c4f02fa7667ab46febcedf9b495737752176303ddd215d66a615a,ckb1qz0n46hjl3pe2jwtepcvv5ehf9p6l94qvk9addgmarvfsvvrum6j7qgp88dnamld6wk30xhflx6laph9hc6jnslgqqs50qh5,0x1a1b0b00000000000000000000000000,727834
USDT|eth,0x279189f8251517dd604273360ae82e178b1d5f926ff829c4dea1153440d1495d,0x2,0x1b89ae72b96c4f02fa7667ab46febcedf9b495737752176303ddd215d66a615a,ckb1qz0n46hjl3pe2jwtepcvv5ehf9p6l94qvk9addgmarvfsvvrum6j7qgp0tj6tgy5w04jgy5u3t4g8dwhd64ehjuuqq7p80rl,0xe0277b04000000000000000000000000,75180000
USDT|eth,0xe90d8aef4156a99fa45739943453cb18f212572568885bc0d48a7eedd5ccb0d2,0x1,0x1b89ae72b96c4f02fa7667ab46febcedf9b495737752176303ddd215d66a615a,ckb1qz0n46hjl3pe2jwtepcvv5ehf9p6l94qvk9addgmarvfsvvrum6j7qgpard5wgkhyp3su75dpm9mz0m44v6h4nl0qq9qkg3n,0xf4acfe0f000000000000000000000000,268348660
USDT|eth,0x1abe77fcab73d7eb61a84d8350d54079b95329ca71d6bc3a24d7a91701a229a4,0x1,0x1b89ae72b96c4f02fa7667ab46febcedf9b495737752176303ddd215d66a615a,ckb1qz0n46hjl3pe2jwtepcvv5ehf9p6l94qvk9addgmarvfsvvrum6j7qgptz29l20q9xtyvlydalsqj8pa0ljre42mqqjdgul6,0xa0e72f07000000000000000000000000,120580000
USDT|eth,0x632e9e3856b37fffbe2526190f073781df855b5156f3d7aac518884c93c32151,0x0,0x1b89ae72b96c4f02fa7667ab46febcedf9b495737752176303ddd215d66a615a,ckb1qzda0cr08m85hc8jlnfp3zer7xulejywt49kt2rr0vthywaa50xwsqt84edwa0ws0sqld74fh80w69twjjxswxgwc7765,0x40420f00000000000000000000000000,1000000
USDT|eth,0x7453b996a616af237cc158bc107a84e41547e2988e5da89678a850836e85d03c,0x1,0x1b89ae72b96c4f02fa7667ab46febcedf9b495737752176303ddd215d66a615a,ckb1qz0n46hjl3pe2jwtepcvv5ehf9p6l94qvk9addgmarvfsvvrum6j7qgpqtnvu5t9sfpdv7ycczxfut8axcwwzx5lqq0l5ddm,0x4e544500000000000000000000000000,4543566
USDT|eth,0xf458b9d387aad323161b030c00ffb706ea53ed6ad1b5c69ba799d452e9a93295,0x1,0x1b89ae72b96c4f02fa7667ab46febcedf9b495737752176303ddd215d66a615a,ckb1qz0n46hjl3pe2jwtepcvv5ehf9p6l94qvk9addgmarvfsvvrum6j7qgp59xsdmn97x02v32gegh0lnpxjfvz8qnaqqd6p0e4,0x02043cf50d0000000000000000000000,59948925954
USDT|eth,0xda78c01a39f3f00e00efda7ab160e329fcdd2dbe1eff99a585ba98177adac1de,0x2,0x1b89ae72b96c4f02fa7667ab46febcedf9b495737752176303ddd215d66a615a,ckb1qz0n46hjl3pe2jwtepcvv5ehf9p6l94qvk9addgmarvfsvvrum6j7qgp4v7shwtzl0yus80aj6498ws89naw90pjqqr206cq,0x10270000000000000000000000000000,10000
USDT|eth,0x2fb1b8552d72015af599e3ad11de8b94f6b32ce9243865ad4449995bce41f09d,0x0,0x1b89ae72b96c4f02fa7667ab46febcedf9b495737752176303ddd215d66a615a,ckb1qzda0cr08m85hc8jlnfp3zer7xulejywt49kt2rr0vthywaa50xwsqd5kf3u3yats688ktvc75hdmp7kde45zlsv0uv3z,0x29ac1903000000000000000000000000,52014121
USDT|eth,0x7a6baf6e4d4aa0fb155b25dcf1b414f50d36f400afc039200888bb81266cf084,0x2,0x1b89ae72b96c4f02fa7667ab46febcedf9b495737752176303ddd215d66a615a,ckb1qz0n46hjl3pe2jwtepcvv5ehf9p6l94qvk9addgmarvfsvvrum6j7qgpeupad2d4yh63k33t5lv0v24u7jecvxczqqw9was9,0xfe032e01000000000000000000000000,19792894
USDT|eth,0xe4ab190f16798686159515e1f9bb7ab56e31f86ab58f9dcaab23a2f26a2950d5,0x2,0x1b89ae72b96c4f02fa7667ab46febcedf9b495737752176303ddd215d66a615a,ckb1qz0n46hjl3pe2jwtepcvv5ehf9p6l94qvk9addgmarvfsvvrum6j7qgp3jgn4mr5g0lzqxrrjyennz24urshlvxpqqgnmafl,0xb01c2202000000000000000000000000,35790000
USDT|eth,0x3f54d97740d932aa8e4770cc3be7e04bf5907cd392fae4618a10ad5f87302f8f,0x1,0x1b89ae72b96c4f02fa7667ab46febcedf9b495737752176303ddd215d66a615a,ckb1qzda0cr08m85hc8jlnfp3zer7xulejywt49kt2rr0vthywaa50xwsqtqvfkr6ws7vxrlgqs9r8zdaeasale2krg8ykcwm,0x703db204000000000000000000000000,78790000
USDT|eth,0x8ff0550cabaa9bac0a13231d732d82c55d4e3525c8b98d8d0ed5626d427efae1,0x3,0x1b89ae72b96c4f02fa7667ab46febcedf9b495737752176303ddd215d66a615a,ckb1qqqqlpcx9gh7nw62dnz82gfw5ygpfwzdavewqd67u50xa39920sqjqgu5dwttldyh42zuuweffk47nqdy4wk6ma6w0zpeazay6f7txesw2ksqqqqzqqqqqpsqqqqqwqqqqqqqqqqqqqqqqqqqqqqqqqqqqqqqqqqqqqqqqqqqqqqqqqqqqqqqqqqqqqqqqqqqqq82qqqqq2qqqqqxsqqqqrfqqqqqugqqqqqqqqqqqqqqqqqqqqqqqqqqqqqqqqqqqqqqqqqqqqqqqqqqqqqqqp4qqqqqyqqqqqrqqqqqqcsqqqqqqqqqqqqqqqqqqqqqqqqqqqqqqqqqqqqqqqqqqqqqqqqqqqqqqqqqqqqqqqqqqqqqqqqqqqqqqqqqqqh6ry0r,0x060c37a4260000000000000000000000,165963828230
USDT|eth,0x0b49a828a2ed67f0eaba586a2e48e71a428a8a46fdc880a5213c15d1b9fe7925,0x3,0x1b89ae72b96c4f02fa7667ab46febcedf9b495737752176303ddd215d66a615a,ckb1qpzuzykljldwecnuftaq9vjtzhmygqaal4z6ktsw3rylk23y09436q2q6uls60zkrl92uvcw40qrpkxed2ws4umdp3g3fzpktz34pju78wjsqqqqzqqqqqraqqqqp8gqqqqx6qqqqqgqqqqqxqqqqqr9qqqqqqqqqqqqqqqqqqqqqqqqqqqqqqqqqqqqqqqqqqqqqqqqqqqqqqqqx5qqqqqsqqqqqvqqqqqrzqqqqqqqqqqqqqqqqqqqqqqqqqqqqqqqqqqqqqqqqqqqqqqqqqqqqqqqqqqqqqqqqqqqqqqqqqqqqqqqqqqqqqqqqqqqqqqqqqqqqqqqqqqqqqqqqqqqqqqqqqqqqqqqqqqqqqqqqqqqqq04v8fa,0x00c34780050000000000000000000000,23627023104
USDT|eth,0xd4856879b66e6d3039e2af4feff0a59090ce41d1eca52fff3b2a2a5828641e39,0x1,0x1b89ae72b96c4f02fa7667ab46febcedf9b495737752176303ddd215d66a615a,ckb1qz0n46hjl3pe2jwtepcvv5ehf9p6l94qvk9addgmarvfsvvrum6j7qgp7swr4ed26play8790093l6spxalk0xy0qqs4yjz4,0x558fe100000000000000000000000000,14782293
DAI|eth,0x8c8d86fd96c1a9dd0f1b32353d06dfe22182b752ad27477f7f22c58dac989e04,0x1,0xdd97fe4f673ed231af188855f4ca8b1034153c8d4e40f5b4fae2afd5d3f53ccc,ckb1qzl58smqy32hnrq6vxjedcxe2fugvnz497h7yvwqvwel40uh4rltcqde00czrwuudzllrg700m7hcfv969gcv9sf7p5vf,0x000064a7b3b6e00d0000000000000000,1000000000000000000
DAI|eth,0xa33eac81eba5db5fc6664c56270e310e412038443a80d644251a0f83dfe2988d,0x3,0xdd97fe4f673ed231af188855f4ca8b1034153c8d4e40f5b4fae2afd5d3f53ccc,ckb1qpzuzykljldwecnuftaq9vjtzhmygqaal4z6ktsw3rylk23y09436q2q6uls60zkrl92uvcw40qrpkxed2ws4umdp3g3fzpktz34pju78wjsqqqqzqqqqqraqqqqp8gqqqqx6qqqqqgqqqqqxqqqqqr9qqqqqqqqqqqqqqqqqqqqqqqqqqqqqqqqqqqqqqqqqqqqqqqqqqqqqqqqx5qqqqqsqqqqqvqqqqqrzqqqqqqqqqqqqqqqqqqqqqqqqqqqqqqqqqqqqqqqqqqqqqqqqqqqqqqqqqqqqqqqqqqqqqqqqqqqqqqqqqqqqqqqqqqqqqqqqqqqqqqqqqqqqqqqqqqqqqqqqqqqqqqqqqqqqqqqqqqqqq04v8fa,0x6a16ff0887955c63f202000000000000,13916004793491818223210
DAI|eth,0x84663ba5e3c76ce70aea5918016a21aeb74bb72064e148f3d117c8ed4f06dcce,0x1,0xdd97fe4f673ed231af188855f4ca8b1034153c8d4e40f5b4fae2afd5d3f53ccc,ckb1qz0n46hjl3pe2jwtepcvv5ehf9p6l94qvk9addgmarvfsvvrum6j7qgptz29l20q9xtyvlydalsqj8pa0ljre42mqqjdgul6,0x9619b775cce9fd5bcd09000000000000,46289509592228181776790
DAI|eth,0x24e1363bc45790821287cfe925a170bbd6bc5c2084b3410c9f6188d746a35776,0x3,0xdd97fe4f673ed231af188855f4ca8b1034153c8d4e40f5b4fae2afd5d3f53ccc,ckb1qqqqlpcx9gh7nw62dnz82gfw5ygpfwzdavewqd67u50xa39920sqjqgu5dwttldyh42zuuweffk47nqdy4wk6ma6w0zpeazay6f7txesw2ksqqqqzqqqqqpsqqqqqwqqqqqqqqqqqqqqqqqqqqqqqqqqqqqqqqqqqqqqqqqqqqqqqqqqqqqqqqqqqqqqqqqqqqq82qqqqq2qqqqqxsqqqqrfqqqqqugqqqqqqqqqqqqqqqqqqqqqqqqqqqqqqqqqqqqqqqqqqqqqqqqqqqqqqqp4qqqqqyqqqqqrqqqqqqcsqqqqqqqqqqqqqqqqqqqqqqqqqqqqqqqqqqqqqqqqqqqqqqqqqqqqqqqqqqqqqqqqqqqqqqqqqqqqqqqqqqqh6ry0r,0x9cc1a446e38377770500000000000000,100842214593455767964
LINK|eth,0xf7e4ead2242e204ff2e4797e6f3170dc289445593127896099867bacc0c01ecb,0x1,0xb4f59ca5a3e1b8bdbce38ca8742bcd922c2201d61090cddd4a053b3f786e3275,ckb1qz0n46hjl3pe2jwtepcvv5ehf9p6l94qvk9addgmarvfsvvrum6j7qgpqt5p68yfj3yar9aejwqe6cj0gr83pqrvqqprsauv,0x00007ce2dd4fbc340000000000000000,3800000000000000000
WBTC|eth,0xdc8a7500b14d06185ddf4c1fb10c8328cb39aea5ce80285ef6b03f70703459cc,0x0,0x0a2117bce7a84cac80e7c5971919d12987e4da58f79e010c6c2f58c7d6e687e1,ckb1qz0n46hjl3pe2jwtepcvv5ehf9p6l94qvk9addgmarvfsvvrum6j7qgpugeat70evtt03qznhm5wkq3hlaw2497zqq589zdz,0xf1510700000000000000000000000000,479729
WBTC|eth,0xe57d35eed89c6c5aeed068316afb3f7e572625377147c3aa40144e3947dd75a0,0x0,0x0a2117bce7a84cac80e7c5971919d12987e4da58f79e010c6c2f58c7d6e687e1,ckb1qz0n46hjl3pe2jwtepcvv5ehf9p6l94qvk9addgmarvfsvvrum6j7qgpvz3zwtdsk0cje9mvaxqga35p0ryshzvyqq3tfc86,0xe8030000000000000000000000000000,1000
WBTC|eth,0xd9bccba0e1dfa7a591d945b59b015943adb209c02b0715c4ac7e85097431057f,0x1,0x0a2117bce7a84cac80e7c5971919d12987e4da58f79e010c6c2f58c7d6e687e1,ckb1qz0n46hjl3pe2jwtepcvv5ehf9p6l94qvk9addgmarvfsvvrum6j7qgp9dag8csp4pmmed528v200yqjthcpykq2qqv3u5l3,0x00e20400000000000000000000000000,320000
WBTC|eth,0x3ed8fe6977e4b57f75802445886d9e0c55184dea28767dc2eeae2786180a9c11,0x2,0x0a2117bce7a84cac80e7c5971919d12987e4da58f79e010c6c2f58c7d6e687e1,ckb1qz0n46hjl3pe2jwtepcvv5ehf9p6l94qvk9addgmarvfsvvrum6j7qgp5jkdr7jawz7456kntz5lz4keyr9jqlr2qqx5suq0,0x80841e00000000000000000000000000,2000000
WBTC|eth,0x30b7c87f6f7fd1adedbed124804673ad549af13bb9775151a8356d3ca90e2f9b,0x3,0x0a2117bce7a84cac80e7c5971919d12987e4da58f79e010c6c2f58c7d6e687e1,ckb1qqqqlpcx9gh7nw62dnz82gfw5ygpfwzdavewqd67u50xa39920sqjqgu5dwttldyh42zuuweffk47nqdy4wk6ma6w0zpeazay6f7txesw2ksqqqqzqqqqqpsqqqqqwqqqqqqqqqqqqqqqqqqqqqqqqqqqqqqqqqqqqqqqqqqqqqqqqqqqqqqqqqqqqqqqqqqqqq82qqqqq2qqqqqxsqqqqrfqqqqqugqqqqqqqqqqqqqqqqqqqqqqqqqqqqqqqqqqqqqqqqqqqqqqqqqqqqqqqp4qqqqqyqqqqqrqqqqqqcsqqqqqqqqqqqqqqqqqqqqqqqqqqqqqqqqqqqqqqqqqqqqqqqqqqqqqqqqqqqqqqqqqqqqqqqqqqqqqqqqqqqh6ry0r,0xe6a1821c000000000000000000000000,478323174
WBTC|eth,0xbc6dbefe24a47b27886e8c9e1aae9e5817a59010f5fefc069355a7670a1eec16,0x3,0x0a2117bce7a84cac80e7c5971919d12987e4da58f79e010c6c2f58c7d6e687e1,ckb1qpzuzykljldwecnuftaq9vjtzhmygqaal4z6ktsw3rylk23y09436q2q6uls60zkrl92uvcw40qrpkxed2ws4umdp3g3fzpktz34pju78wjsqqqqzqqqqqraqqqqp8gqqqqx6qqqqqgqqqqqxqqqqqr9qqqqqqqqqqqqqqqqqqqqqqqqqqqqqqqqqqqqqqqqqqqqqqqqqqqqqqqqx5qqqqqsqqqqqvqqqqqrzqqqqqqqqqqqqqqqqqqqqqqqqqqqqqqqqqqqqqqqqqqqqqqqqqqqqqqqqqqqqqqqqqqqqqqqqqqqqqqqqqqqqqqqqqqqqqqqqqqqqqqqqqqqqqqqqqqqqqqqqqqqqqqqqqqqqqqqqqqqqq04v8fa,0xf2c64e00000000000000000000000000,5162738
WBTC|eth,0x9879303c04ab6beee324382d18f1c73dafab88c819ad52660a0288ba48091b12,0x0,0x0a2117bce7a84cac80e7c5971919d12987e4da58f79e010c6c2f58c7d6e687e1,ckb1qz0n46hjl3pe2jwtepcvv5ehf9p6l94qvk9addgmarvfsvvrum6j7qgp5jkdr7jawz7456kntz5lz4keyr9jqlr2qqx5suq0,0x84064d00000000000000000000000000,5047940
WBTC|eth,0xdf87e5fbcb28462da872e7b11bdd407749fcea602de2581462cb7a40265697e8,0x0,0x0a2117bce7a84cac80e7c5971919d12987e4da58f79e010c6c2f58c7d6e687e1,ckb1qz0n46hjl3pe2jwtepcvv5ehf9p6l94qvk9addgmarvfsvvrum6j7qgpv3se7nm9mjen690t26r3zfccuxkwzme5qqrm5nxa,0x2ff40000000000000000000000000000,62511
BAND|eth,0xf7e4ead2242e204ff2e4797e6f3170dc289445593127896099867bacc0c01ecb,0x2,0xf7d2b6a5e6c9ec564ce11e30e845d7e4ed9fd873eb3a426e9991d4a780d7c35b,ckb1qz0n46hjl3pe2jwtepcvv5ehf9p6l94qvk9addgmarvfsvvrum6j7qgpqt5p68yfj3yar9aejwqe6cj0gr83pqrvqqprsauv,0x000086d693e85cab0000000000000000,12348000000000000000
BAT|eth,0xf703c7f0593695e14f1b0099a55866958d560833ca60fb072dbf5fc50b86604c,0x8,0xe183387147be24ecb3ba04eb480b6042803b1c93954f9c5a0e5a506cd5571b6b,ckb1qpzuzykljldwecnuftaq9vjtzhmygqaal4z6ktsw3rylk23y09436q2q6uls60zkrl92uvcw40qrpkxed2ws4umdp3g3fzpktz34pju780vsqqqqzqqqqq93qqqqp5gqqqq2zqqqqqgqqqqqxqqqqqyeqqqqp923cqee4v68q9urlqwtjlp5smw4put8dj74awy0xp6370kk8w0ddyqqqqqsqqqqqvqqqqqrzqqqqq2kxzqdzadl3hw5ffyws5xweuxqk3t4sdt4d66ll4f6mqcfxxuljqf5qqqqqsxh8uxnc4sle2hrxr4tcqcd3kt2n590xmgv2y2gsdjc5dgvh83mu4gpj8zav229dmelm5g6c5zqzj84s2haqz3syqqqqqqvpqak25srn9xwxuhf8xc0hct433kdrzqh25xg6vfstm59rtxwzp3uck3sqqqqqqqqq604w9n,0x0000f25eaf45cab00c00000000000000,234100000000000000000
SNX|eth,0xf7e4ead2242e204ff2e4797e6f3170dc289445593127896099867bacc0c01ecb,0x4,0xb31800b3c908eaf217a982cb2a0fb8df7ac047485c432634a079a8c158339020,ckb1qz0n46hjl3pe2jwtepcvv5ehf9p6l94qvk9addgmarvfsvvrum6j7qgpqt5p68yfj3yar9aejwqe6cj0gr83pqrvqqprsauv,0x00005767aaf1fb7b0000000000000000,8934000000000000000
UNI|eth,0xf7e4ead2242e204ff2e4797e6f3170dc289445593127896099867bacc0c01ecb,0x5,0xb52927f7f444eb178461d0fa8b62b67c4a043add18e36248c7e9734d8d077a7e,ckb1qz0n46hjl3pe2jwtepcvv5ehf9p6l94qvk9addgmarvfsvvrum6j7qgpqt5p68yfj3yar9aejwqe6cj0gr83pqrvqqprsauv,0x00007ce2dd4fbc340000000000000000,3800000000000000000
BUSD|eth,0xe1c64409d5c6674b13321f467e503114300514a8406eaef652ae34a560f27bd5,0x1,0x232678824938dfd87a049122c4e244af88dad7faa79a262362f5bc5356ee4c64,ckb1qz0n46hjl3pe2jwtepcvv5ehf9p6l94qvk9addgmarvfsvvrum6j7qgpdsetfw688l37945ejuak3cae06u9hgxkqq3aend7,0x0000632c4c7d5c270500000000000000,95070000000000000000
BUSD|eth,0x13e356a7b94d7b4a1add80f4b5d1da952dac416a2f2fe9beba953794eebc82cb,0x1,0x232678824938dfd87a049122c4e244af88dad7faa79a262362f5bc5356ee4c64,ckb1qqqqlpcx9gh7nw62dnz82gfw5ygpfwzdavewqd67u50xa39920sqjqgu5dwttldyh42zuuweffk47nqdy4wk6ma6w0zpeazay6f7txeswtssqqqqzqqqqqpsqqqqqwqqqqq8hc4kh7mpay6wuxn2n35seaeps55nlxvjxy27xp06gn2j5dd5thkzcvpsqqqqqqq2jqqqqq2qqqqqxsqqqqyaqqqqpfgqqqqv4ae78rsqf7augjlp5464u0a3f0xtkgmrhzcz4ekea8468nk3qfnfqqqqqyqqqqqrqqqqqqcsqqqqp9klye8n3lls0uav6vvfjk4u93c6urjsgqm0uv4u8r2mvqmnvn2qzdqqqqqpeg6ukh76f0259ecajjndtaxq6f2ad4hm5u7yrn696f5nukdnqu3ys02yak430lh7pazm7vx59d74t9eet8uq8gysqqqqqrqqyqqqqq0kd2x0,0x00007a3efa4c74050400000000000000,74180000000000000000
COMP|eth,0xf7e4ead2242e204ff2e4797e6f3170dc289445593127896099867bacc0c01ecb,0x7,0x82a6b63b13d9980c98b17810eb2599dc94c144c0ddd24fd24e8a7881d93323ff,ckb1qz0n46hjl3pe2jwtepcvv5ehf9p6l94qvk9addgmarvfsvvrum6j7qgpqt5p68yfj3yar9aejwqe6cj0gr83pqrvqqprsauv,0x00002a786371b2030000000000000000,266400000000000000
BEL|eth,0xf7e4ead2242e204ff2e4797e6f3170dc289445593127896099867bacc0c01ecb,0x9,0xbceed8fd2b30c9e246035890196fed4218e5bff472786f74c19d9b156607070b,ckb1qz0n46hjl3pe2jwtepcvv5ehf9p6l94qvk9addgmarvfsvvrum6j7qgpqt5p68yfj3yar9aejwqe6cj0gr83pqrvqqprsauv,0x0000e3bdf7c137240300000000000000,57950000000000000000
SXP|eth,0xf7e4ead2242e204ff2e4797e6f3170dc289445593127896099867bacc0c01ecb,0xa,0xf49a7d57cd50907d28c0e2ae57b559165ce08aa0ff074fb3b277f6dc5eb285ee,ckb1qz0n46hjl3pe2jwtepcvv5ehf9p6l94qvk9addgmarvfsvvrum6j7qgpqt5p68yfj3yar9aejwqe6cj0gr83pqrvqqprsauv,0x0000531c6a1d995e0200000000000000,43710000000000000000
SUSHI|eth,0xf7e4ead2242e204ff2e4797e6f3170dc289445593127896099867bacc0c01ecb,0xb,0xd7a79519d220983c703fd90083c481fc3144daad7ea05728832cbc021f27c017,ckb1qz0n46hjl3pe2jwtepcvv5ehf9p6l94qvk9addgmarvfsvvrum6j7qgpqt5p68yfj3yar9aejwqe6cj0gr83pqrvqqprsauv,0x0000ba943c6aa1720000000000000000,8260000000000000000
AAVE|eth,0xf7e4ead2242e204ff2e4797e6f3170dc289445593127896099867bacc0c01ecb,0xc,0xaf47fbc88c924f720fd8d4c0aea5dca8bd00ceecd9f8c2ab45415f6a5dd2ee97,ckb1qz0n46hjl3pe2jwtepcvv5ehf9p6l94qvk9addgmarvfsvvrum6j7qgpqt5p68yfj3yar9aejwqe6cj0gr83pqrvqqprsauv,0x00809bb8a36b59040000000000000000,313400000000000000
LTO|eth,0xf7e4ead2242e204ff2e4797e6f3170dc289445593127896099867bacc0c01ecb,0xd,0x33e2afa67434322b1368bf5064b31dc20021bcccc871aa5cc6a5380aa58c59f6,ckb1qz0n46hjl3pe2jwtepcvv5ehf9p6l94qvk9addgmarvfsvvrum6j7qgpqt5p68yfj3yar9aejwqe6cj0gr83pqrvqqprsauv,0x8080d0f0060000000000000000000000,29810000000
BNT|eth,0xf7e4ead2242e204ff2e4797e6f3170dc289445593127896099867bacc0c01ecb,0xf,0x4192873b0a0aaeaa04372aa46ff2cd94a90ac1acaa7569458226febec4d6d5ed,ckb1qz0n46hjl3pe2jwtepcvv5ehf9p6l94qvk9addgmarvfsvvrum6j7qgpqt5p68yfj3yar9aejwqe6cj0gr83pqrvqqprsauv,0x00009624331153660100000000000000,25820000000000000000
PNT|eth,0xf7e4ead2242e204ff2e4797e6f3170dc289445593127896099867bacc0c01ecb,0x11,0xbdfe9436470e847122230ec5119eed76ace9a99cca1db628cf8d42d334cc16f5,ckb1qz0n46hjl3pe2jwtepcvv5ehf9p6l94qvk9addgmarvfsvvrum6j7qgpqt5p68yfj3yar9aejwqe6cj0gr83pqrvqqprsauv,0x000011c3bba1cc740500000000000000,100650000000000000000
COTI|eth,0xf7e4ead2242e204ff2e4797e6f3170dc289445593127896099867bacc0c01ecb,0x19,0x70746eb3aeeefb93c7024332e3b129ac09dbdfd238e9a0ff7763ae1b2cd8193e,ckb1qz0n46hjl3pe2jwtepcvv5ehf9p6l94qvk9addgmarvfsvvrum6j7qgpqt5p68yfj3yar9aejwqe6cj0gr83pqrvqqprsauv,0x000026bbe3e6e1860900000000000000,175740000000000000000
TRX|eth,0xf7e4ead2242e204ff2e4797e6f3170dc289445593127896099867bacc0c01ecb,0x14,0xff7eb7296b2e6896274c37bdf949442f8cbb3f89f60d21d39367e2c93d917ad9,ckb1qz0n46hjl3pe2jwtepcvv5ehf9p6l94qvk9addgmarvfsvvrum6j7qgpqt5p68yfj3yar9aejwqe6cj0gr83pqrvqqprsauv,0x60d2073e000000000000000000000000,1040700000
BUSD|bsc,0xc445f60447fc92383e2e635d787d9885a090b86111ce7f60eaa536d83c432299,0x1,0x69c215249102308356778d58259c91c0f1988f6f5b07aa614921ee1803ea0059,ckb1qzda0cr08m85hc8jlnfp3zer7xulejywt49kt2rr0vthywaa50xwsq2drmxh5e0v0zen0x2f434sktzggajn92sqks0ak,0x001c841813abf4f20000000000000000,17506805750000000000
BUSD|bsc,0x321fea933503e23eaca9df038233d198c03847971a1eeebe99c7df7f60a02042,0x1,0x69c215249102308356778d58259c91c0f1988f6f5b07aa614921ee1803ea0059,ckb1qzl58smqy32hnrq6vxjedcxe2fugvnz497h7yvwqvwel40uh4rltcq0lwwy3dj865xgzlsueaz3sk33nl0565nssr5uwk,0x0000c2d33f9444970000000000000000,10900000000000000000
BUSD|bsc,0x161c737e4921a258add8e0a9f55e30363f0e9549a4d44dc0444721f7987866df,0x1,0x69c215249102308356778d58259c91c0f1988f6f5b07aa614921ee1803ea0059,ckb1qzl58smqy32hnrq6vxjedcxe2fugvnz497h7yvwqvwel40uh4rltcqvddmc05p9jvkzh30v2xrntvemj7xjjx3sz387w3,0x0000c2d33f9444970000000000000000,10900000000000000000
BUSD|bsc,0xa7be52e919bde1de9dd5440101122130703ff0140ebf0fb6edea9497bff60081,0x5,0x69c215249102308356778d58259c91c0f1988f6f5b07aa614921ee1803ea0059,ckb1qrchzlhr3zccrl93gdfq2hqqkl48e47zwdg0l5dzm533upvamch76q2q6uls60zkrl92uvcw40qrpkxed2ws4umdp3g3fzpktz34pju78vwpmg9nr5n8aq9a0nxe6sr6fjmvswtdmtgd03922eyjwnnd44amyhjjytg4fsxw7q98tf9kcl6p3m9u43gejgf9wqu3th2cyj2rtcnupfmqzqqqqqqqqqyrultlr7y889q9977y285pww6f7r3e55pm28cgh8v2vser9jtcqqqqqqqqqqqqqqqqqqqqqqqqqqqfqt6spyqqqqr5hu04zk3y6957j2prsr8vavzha3hal4ng09yk0xxh39m5n925myqqqqqqqqqqqqqqqqqqqqqqqqqqqqqqqqqqqqqqqqqqqqqqqqqqqw0qfml,0x0000e8890423c78a0000000000000000,10000000000000000000
BUSD|bsc,0x1cee0528f2a7b0d5983342aec680a8a1f889b6e28d1aa92d2e02aca441b1bf99,0x1,0x69c215249102308356778d58259c91c0f1988f6f5b07aa614921ee1803ea0059,ckb1qzl58smqy32hnrq6vxjedcxe2fugvnz497h7yvwqvwel40uh4rltcqtyltcgat5568k78mn6pyc8tt373y4a5nc5kmrq9,0x000078ec01baec730100000000000000,26800000000000000000
BUSD|bsc,0x92c6ade3ae1030a9f6e32c06c9294d56558611b67e7460dc0f061a4151302058,0x1,0x69c215249102308356778d58259c91c0f1988f6f5b07aa614921ee1803ea0059,ckb1qz0n46hjl3pe2jwtepcvv5ehf9p6l94qvk9addgmarvfsvvrum6j7qgp40gnhvu59429xwkxhhhdp9merfn9j7vyqq6s67us,0x7879074f04ec300e0100000000000000,19469320692372568440
BUSD|bsc,0xf0ff324e7d381a42ea5dedcdc3a16a2253898a703e60c2c49d56d536065b0a34,0x1,0x69c215249102308356778d58259c91c0f1988f6f5b07aa614921ee1803ea0059,ckb1qzl58smqy32hnrq6vxjedcxe2fugvnz497h7yvwqvwel40uh4rltcqvmgkhtxj75fczqncwcs0mgzsv3j9e29sqf8t4a0,0x000008c761f553041300000000000000,350800000000000000000
BUSD|bsc,0x29f561b9418805b6c7ace150f0e6767a5cc6b09d731d62a267aa63cd21f59e47,0x1,0x69c215249102308356778d58259c91c0f1988f6f5b07aa614921ee1803ea0059,ckb1qz0n46hjl3pe2jwtepcvv5ehf9p6l94qvk9addgmarvfsvvrum6j7qgp6flf2sg09g7wj8jasmm3d8mlugyt7uudqqf308d4,0x0000c2d33f9444970000000000000000,10900000000000000000
BUSD|bsc,0xceae1ae9b24fe5a42b35943b1201117900e102684b5bcec31e52ec98d7b8adf1,0x1,0x69c215249102308356778d58259c91c0f1988f6f5b07aa614921ee1803ea0059,ckb1qzl58smqy32hnrq6vxjedcxe2fugvnz497h7yvwqvwel40uh4rltcqfedwqkt3xajj222rfm3jaktcc9wstdyxqz4pflf,0x0000c2d33f9444970000000000000000,10900000000000000000
BUSD|bsc,0xf6f23f2991b78ebbbeec73930a27836f84b2a40db3ef958f0d4bab302ba268dc,0x0,0x69c215249102308356778d58259c91c0f1988f6f5b07aa614921ee1803ea0059,ckb1qz0n46hjl3pe2jwtepcvv5ehf9p6l94qvk9addgmarvfsvvrum6j7qgpac4ulcvr6una4jg4f63jlycljamsl0h6qqrrwafu,0x0000b618c225a8dc0000000000000000,15900000000000000000
BUSD|bsc,0xd340a2c1cc557fcc6aae92bab2ffb882eecf595e470374ccc9dfcc612b708fc1,0x1,0x69c215249102308356778d58259c91c0f1988f6f5b07aa614921ee1803ea0059,ckb1qzl58smqy32hnrq6vxjedcxe2fugvnz497h7yvwqvwel40uh4rltcqtqrukylqdrwmfg962d7x3w2rwrjfw5sxs8a38al,0x32c03633012a948b0500000000000000,102291430421015478322
BUSD|bsc,0x21045cd84f416b6b0d7a9e24b68e3c130c731ee153f366c79f6b3a877caf7b4d,0x1,0x69c215249102308356778d58259c91c0f1988f6f5b07aa614921ee1803ea0059,ckb1qzl58smqy32hnrq6vxjedcxe2fugvnz497h7yvwqvwel40uh4rltcq23nq9fkfvk33mk0pru200u5ql6a4642rcru0g2k,0x858d531d9f293de70000000000000000,16662519959709257093
BUSD|bsc,0xd5e5fda1d61ba90d7345fc0c410abefb3718e5b8b0f46c4c4f96fde86dfec432,0x0,0x69c215249102308356778d58259c91c0f1988f6f5b07aa614921ee1803ea0059,ckb1qz0n46hjl3pe2jwtepcvv5ehf9p6l94qvk9addgmarvfsvvrum6j7qgpukd9kffsav0c2r404t70dzl0hk35aw96qqlhqsuf,0x0000c84e676dc11b0000000000000000,2000000000000000000
BUSD|bsc,0xb24d1077a55d75968834b7437f5badecd6a7f42c9b8bde1338816794a162fe5c,0x3,0x69c215249102308356778d58259c91c0f1988f6f5b07aa614921ee1803ea0059,ckb1qrchzlhr3zccrl93gdfq2hqqkl48e47zwdg0l5dzm533upvamch76q2q6uls60zkrl92uvcw40qrpkxed2ws4umdp3g3fzpktz34pju78wj0074smdw228v9tjnedqdh4gtzua5pr06z6gtrhqk5647etxhwrrrjqztde08w8r5rv95p5qwpr0mfgarj00wunhpwkgcd6hcakfn6a6xqyqqqqqqqqqyrultlr7y889q9977y285pww6f7r3e55pm28cgh8v2vser9jtcqqqqqqqqqqqqqqqqqqqqqqqqqqqqqqqqqqqqqqpkhs8z7h2j6wgxlj2zjctl0yhxqhmk0mfthn33xms2za3dvrart5qqqqqqqqqqqqqqqqqqqqqqqqqqqqqqqqqqqqqqqqqqqqqqqqqqqeg8fj2,0x0000022364ac7ded0400000000000000,90900000000000000000
BUSD|bsc,0x375205d3d54eedc6ddab3fc8e9d6cee67b2828e3d741cb999a14e2014cfaf148,0x1,0x69c215249102308356778d58259c91c0f1988f6f5b07aa614921ee1803ea0059,ckb1qz0n46hjl3pe2jwtepcvv5ehf9p6l94qvk9addgmarvfsvvrum6j7qgpthue8v5qgt9junmn6mat84nkkga2pnmlqqgl94s0,0x00000e40c9b1497e0000000000000000,9100000000000000000
BUSD|bsc,0x4741636e86b1fe2098a7e6a73c4389ded102d91c67b0b83fb56106019c9811fe,0x0,0x69c215249102308356778d58259c91c0f1988f6f5b07aa614921ee1803ea0059,ckb1qrfkjktl73ljn77q637judm4xux3y59c29qvvu8ywx90wy5c8g34gqf45d2e9gjpwu3vvf7wann498qp83lum7qnhnsa8,0x0000b1778ae1068c0000000000000000,10090000000000000000
BUSD|bsc,0x1972cf44b53de3b36d6711722228952111f0a86809fb4e984b42c0122e74b7da,0x0,0x69c215249102308356778d58259c91c0f1988f6f5b07aa614921ee1803ea0059,ckb1qz0n46hjl3pe2jwtepcvv5ehf9p6l94qvk9addgmarvfsvvrum6j7qgpxntw342eezq9whrclpx5rv0kenuxvqjuqqsc0rl6,0x0000b49376e2fa180000000000000000,1800000000000000000
BUSD|bsc,0x7cb0c106693798c821a0a7a44509cd51c780b31748ea8ce502f63711c0a82bb8,0x0,0x69c215249102308356778d58259c91c0f1988f6f5b07aa614921ee1803ea0059,ckb1qrfkjktl73ljn77q637judm4xux3y59c29qvvu8ywx90wy5c8g34gqv56us59vty47a3ggv0uvvuclh03urr8as9p8tpz,0x40420f00000000000000000000000000,1000000
BUSD|bsc,0x629c5a827a2ae4c4773ac4f4e6afc328831043152a2e2e1695570b5960b87852,0x1,0x69c215249102308356778d58259c91c0f1988f6f5b07aa614921ee1803ea0059,ckb1qzda0cr08m85hc8jlnfp3zer7xulejywt49kt2rr0vthywaa50xwsqwq0sgjg5q3k7s89z6mqazr905xw5gf9kqexp52k,0xc0bd015cb5b23d0b0000000000000000,809999999999000000
BUSD|bsc,0xd94a12649815c7542fb86442d0e97a29549de9b0a442a037e96de39520b5f301,0x3,0x69c215249102308356778d58259c91c0f1988f6f5b07aa614921ee1803ea0059,ckb1qpzuzykljldwecnuftaq9vjtzhmygqaal4z6ktsw3rylk23y09436q2q6uls60zkrl92uvcw40qrpkxed2ws4umdp3g3fzpktz34pju78wjsqqqqzqqqqqraqqqqp8gqqqqx6qqqqqgqqqqqxqqqqqr9qqqqqqqqqqqqqqqqqqqqqqqqqqqqqqqqqqqqqqqqqqqqqqqqqqqqqqqqx5qqqqqsqqqqqvqqqqqrzqqqqqqqqqqqqqqqqqqqqqqqqqqqqqqqqqqqqqqqqqqqqqqqqqqqqqqqqqqqqqqqqqqqqqqqqqqqqqqqqqqqqqqqqqqqqqqqqqqqqqqqqqqqqqqqqqqqqqqqqqqqqqqqqqqqqqqqqqqqqq04v8fa,0x0030462cb008325b2600000000000000,707547599160000000000
BUSD|bsc,0xc9fccab24383a89d57bec3e892247eae54521d08b33173e8c7e74a2ab7cd605c,0x2,0x69c215249102308356778d58259c91c0f1988f6f5b07aa614921ee1803ea0059,ckb1qz0n46hjl3pe2jwtepcvv5ehf9p6l94qvk9addgmarvfsvvrum6j7qgpdmc85vhx8mdmwh40wzek8fem2rjtnnjqqqkh6r2j,0xaf0205b95491a8c50000000000000000,14242793614626587311
BUSD|bsc,0xd7c1f3aa16c51562cf8b567c0a009e41840fbd4e35812090d434c4fe621600b8,0x3,0x69c215249102308356778d58259c91c0f1988f6f5b07aa614921ee1803ea0059,ckb1qqqqlpcx9gh7nw62dnz82gfw5ygpfwzdavewqd67u50xa39920sqjqgu5dwttldyh42zuuweffk47nqdy4wk6ma6w0zpeazay6f7txesw2ksqqqqzqqqqqpsqqqqqwqqqqqqqqqqqqqqqqqqqqqqqqqqqqqqqqqqqqqqqqqqqqqqqqqqqqqqqqqqqqqqqqqqqqq82qqqqq2qqqqqxsqqqqrfqqqqqugqqqqqqqqqqqqqqqqqqqqqqqqqqqqqqqqqqqqqqqqqqqqqqqqqqqqqqqp4qqqqqyqqqqqrqqqqqqcsqqqqqqqqqqqqqqqqqqqqqqqqqqqqqqqqqqqqqqqqqqqqqqqqqqqqqqqqqqqqqqqqqqqqqqqqqqqqqqqqqqqh6ry0r,0x819365e7dec9dc0d2200000000000000,628188193682696278913
USDT|bsc,0xdf7cf6150d950d857369977340af5466a03c22b35b1e1a4910fd98651cd1547e,0x1,0xfd6f1818fe746687ef5268f82ce1835ba1a94fdccee5f098a389aeed0067eb57,ckb1qzl58smqy32hnrq6vxjedcxe2fugvnz497h7yvwqvwel40uh4rltcqdkhzxwwv9glmxn4dtnrdhrskxw5ux5fxg98uvtj,0x0000383bf60a84470100000000000000,23600000000000000000
USDT|bsc,0x76d8f5fd4a317eb861e3002a88922b0e43de4f2d620fcbad358afb964939c66e,0x1,0xfd6f1818fe746687ef5268f82ce1835ba1a94fdccee5f098a389aeed0067eb57,ckb1qzl58smqy32hnrq6vxjedcxe2fugvnz497h7yvwqvwel40uh4rltcq0eg2kcfqj7d6wf3ul5zx88tfjmh5v5mnq6padpt,0x00001286910a45590a00000000000000,190900000000000000000
USDT|bsc,0x980a31bd124a152205435dcbfb4bdfb7f4f804c305d5000853c2885c20b9e79e,0x1,0xfd6f1818fe746687ef5268f82ce1835ba1a94fdccee5f098a389aeed0067eb57,ckb1qzl58smqy32hnrq6vxjedcxe2fugvnz497h7yvwqvwel40uh4rltcqwqq0879tpqjdr0m0m7ftdssr2te8n7wgqs4j748,0x0000c2ac2941720f0400000000000000,74900000000000000000
USDT|bsc,0xac5bc196290e9256ba953a69ab0f25118b9c2083003560eacb3294586b166057,0x0,0xfd6f1818fe746687ef5268f82ce1835ba1a94fdccee5f098a389aeed0067eb57,ckb1qz0n46hjl3pe2jwtepcvv5ehf9p6l94qvk9addgmarvfsvvrum6j7qgpj7ylrsdrjfrs555jqf0jcma3gc2wr9lfqq8g7mpd,0xf93be7a115f02f7f0100000000000000,27611551816133065721
USDT|bsc,0xac5bc196290e9256ba953a69ab0f25118b9c2083003560eacb3294586b166057,0x1,0xfd6f1818fe746687ef5268f82ce1835ba1a94fdccee5f098a389aeed0067eb57,ckb1qzl58smqy32hnrq6vxjedcxe2fugvnz497h7yvwqvwel40uh4rltcqvh38curgujgu999ysztukxlv2xznse06ghldyu3,0x0000c84e676dc11b0000000000000000,2000000000000000000
USDT|bsc,0xc5562834b90068fe86d8dcd96c8d5cd34b453b5bf5345491c0c52904c72e9e22,0x1,0xfd6f1818fe746687ef5268f82ce1835ba1a94fdccee5f098a389aeed0067eb57,ckb1qzl58smqy32hnrq6vxjedcxe2fugvnz497h7yvwqvwel40uh4rltcqd7r3u0yl9a3t32rxw920kjrnrqvud7eaqgunjka,0x428cb1ad475115eb0500000000000000,109173255310270368834
USDT|bsc,0xf87dd5a990a77a9ab05620f0741c5205d3b87625b107cc0edb1865a19cc73c0a,0x1,0xfd6f1818fe746687ef5268f82ce1835ba1a94fdccee5f098a389aeed0067eb57,ckb1qzl58smqy32hnrq6vxjedcxe2fugvnz497h7yvwqvwel40uh4rltcqvza95zkh74lntdqu72fu6vtw8k606cj6qckaud8,0x6ed61ef9960133040000000000000000,302587347900225134
USDT|bsc,0x04f5e91e894deb114bb97205120415985e3e19b0bfc68a48325eac412369caa1,0x1,0xfd6f1818fe746687ef5268f82ce1835ba1a94fdccee5f098a389aeed0067eb57,ckb1qzl58smqy32hnrq6vxjedcxe2fugvnz497h7yvwqvwel40uh4rltcqgcr2v3uhraajln8nl8tpnwpz2zasn32kg2jxsht,0x000084a77f28892e0100000000000000,21800000000000000000
USDT|bsc,0xb53cb01ebe5837429148f6b450039a21289a093ab818c39874b9cf5770388223,0x1,0xfd6f1818fe746687ef5268f82ce1835ba1a94fdccee5f098a389aeed0067eb57,ckb1qzl58smqy32hnrq6vxjedcxe2fugvnz497h7yvwqvwel40uh4rltcqtqrukylqdrwmfg962d7x3w2rwrjfw5sxs8a38al,0x182707777d8ecd200100000000000000,20810446122667943704
USDT|bsc,0x44a674c204228804caacf4ebf6ea16a7ee94d036830a65bb5303d765b8f947bc,0x1,0xfd6f1818fe746687ef5268f82ce1835ba1a94fdccee5f098a389aeed0067eb57,ckb1qzl58smqy32hnrq6vxjedcxe2fugvnz497h7yvwqvwel40uh4rltcqgf74fy4xf8wdwc47czeee7cvdelz6vzmg7lmrct,0x0000acbd39c46d681700000000000000,431800000000000000000
USDT|bsc,0x0eac006944967975233130bec9b8c5f6bb36866caa27c61550ade877722dc66c,0x1,0xfd6f1818fe746687ef5268f82ce1835ba1a94fdccee5f098a389aeed0067eb57,ckb1qzl58smqy32hnrq6vxjedcxe2fugvnz497h7yvwqvwel40uh4rltcq0cfyqpg3y8x6s5kmsg7z2gszd4ssuk0ss2d9446,0x000016403cce73c60000000000000000,14300000000000000000
USDT|bsc,0x88031425301eec4d5f0d674780c98b306655e9d7fc32828acff2310ac7e30f0a,0x1,0xfd6f1818fe746687ef5268f82ce1835ba1a94fdccee5f098a389aeed0067eb57,ckb1qzl58smqy32hnrq6vxjedcxe2fugvnz497h7yvwqvwel40uh4rltcqfgh7x2scpjktaamweqhe0tqjzcsh9qxjgmfvndw,0x00d0b0dd4adaa28b0200000000000000,46955332680000000000
USDT|bsc,0xee684b5802a85fe975a7c97642e88beb6c062fb23793ca049be47f7f427eeaf7,0x1,0xfd6f1818fe746687ef5268f82ce1835ba1a94fdccee5f098a389aeed0067eb57,ckb1qz0n46hjl3pe2jwtepcvv5ehf9p6l94qvk9addgmarvfsvvrum6j7qgpxge50pd99xhufkzj8vr7yzrnplpra9sdqqu78uzx,0x453ffef7153600000000000000000000,59467982847813
USDT|bsc,0xf3765c29fa563e50f18dfb0bdc11df549d687402662e211035b9f2ad7f3f34e3,0x0,0xfd6f1818fe746687ef5268f82ce1835ba1a94fdccee5f098a389aeed0067eb57,ckb1qz0n46hjl3pe2jwtepcvv5ehf9p6l94qvk9addgmarvfsvvrum6j7qgpm7lx6var8u5sr8klhm7cd2ddwdnhpnruqqrsu32z,0x0000e8890423c78a0000000000000000,10000000000000000000
USDT|bsc,0x097fbed35b3126d086c0b8684d668ae332117ff2dacd5e191f67aa1a414b998e,0x0,0xfd6f1818fe746687ef5268f82ce1835ba1a94fdccee5f098a389aeed0067eb57,ckb1qrfkjktl73ljn77q637judm4xux3y59c29qvvu8ywx90wy5c8g34gqv56us59vty47a3ggv0uvvuclh03urr8as9p8tpz,0x40420f00000000000000000000000000,1000000
USDT|bsc,0xf052cc3e0188f9ffe102489122f6d6c04a8d80c3793c147a207e378c47ba310b,0x0,0xfd6f1818fe746687ef5268f82ce1835ba1a94fdccee5f098a389aeed0067eb57,ckb1qrfkjktl73ljn77q637judm4xux3y59c29qvvu8ywx90wy5c8g34gqf45d2e9gjpwu3vvf7wann498qp83lum7qnhnsa8,0x00004dd0d62a267e0000000000000000,9090000000000000000
USDT|bsc,0x3f57da70c1ec5bb5052425fa87b36c47a7c6d254e675411d58233a969d93a87c,0x2,0xfd6f1818fe746687ef5268f82ce1835ba1a94fdccee5f098a389aeed0067eb57,ckb1qzda0cr08m85hc8jlnfp3zer7xulejywt49kt2rr0vthywaa50xwsqwq0sgjg5q3k7s89z6mqazr905xw5gf9kqexp52k,0xc0bdb16ff28623000000000000000000,9999999999000000
USDT|bsc,0xb3cf7b33b0e7b822815fda832905432bc649d29dbf510172fb6ab52ac6cb15ff,0x3,0xfd6f1818fe746687ef5268f82ce1835ba1a94fdccee5f098a389aeed0067eb57,ckb1qrchzlhr3zccrl93gdfq2hqqkl48e47zwdg0l5dzm533upvamch76q2q6uls60zkrl92uvcw40qrpkxed2ws4umdp3g3fzpktz34pju78wkgvzj2ehg35228u2a8sr7tls9c0emp30gjvgw2f5f23y0ta33m36vkdnqt8q0e0k67mlrw8mnextam6nn4vpya57jms4evww9jlv2g593qgqqqqqqqq8f9d4l4r8u68lc53fv80vvqghrp5pgmwccgljxxgn4a43v6edw6qqqqqqqqqqqqqqqqqqqqqqqqqqqqqqqqqqqqqqyzqw9nc269xt3n3nyv28rmsgry73qe52c20wndh3pt5hh4kdfrvcqqqqqqqqqqqqqqqqqqqqqqqqqqqqqqqqqqqqqqqqqqqqqqqqqqq6r00yn,0xf515635f001569851900000000000000,470781839813682337269
USDT|bsc,0xeefef69c4cb3d330aac2608b556a0b3b2752976245564b582aacfdf10e639174,0x1,0xfd6f1818fe746687ef5268f82ce1835ba1a94fdccee5f098a389aeed0067eb57,ckb1qz0n46hjl3pe2jwtepcvv5ehf9p6l94qvk9addgmarvfsvvrum6j7qgp2lvsfctyetwvfz7a83q3p6pn8x6n343mqqd49snq,0x000046f1614488620000000000000000,7100000000000000000
USDT|bsc,0xdd6c65f887e2625696dc970695f547d79608a4e289b6ef721054523a8317f63e,0x3,0xfd6f1818fe746687ef5268f82ce1835ba1a94fdccee5f098a389aeed0067eb57,ckb1qpzuzykljldwecnuftaq9vjtzhmygqaal4z6ktsw3rylk23y09436q2q6uls60zkrl92uvcw40qrpkxed2ws4umdp3g3fzpktz34pju78wjsqqqqzqqqqqraqqqqp8gqqqqx6qqqqqgqqqqqxqqqqqr9qqqqqqqqqqqqqqqqqqqqqqqqqqqqqqqqqqqqqqqqqqqqqqqqqqqqqqqqx5qqqqqsqqqqqvqqqqqrzqqqqqqqqqqqqqqqqqqqqqqqqqqqqqqqqqqqqqqqqqqqqqqqqqqqqqqqqqqqqqqqqqqqqqqqqqqqqqqqqqqqqqqqqqqqqqqqqqqqqqqqqqqqqqqqqqqqqqqqqqqqqqqqqqqqqqqqqqqqqq04v8fa,0x8d7358463f54c5f81600000000000000,423754196144168137613
USDT|bsc,0xb28e959d86b61a2f04a874964c3a4cba13f8dd72c363c06286005ed7d68fff00,0x1,0xfd6f1818fe746687ef5268f82ce1835ba1a94fdccee5f098a389aeed0067eb57,ckb1qzda0cr08m85hc8jlnfp3zer7xulejywt49kt2rr0vthywaa50xwsqwn3et6m2azv9x23l037r0k9r5rsanc49csxycg5,0x0000aa5d44b70b220100000000000000,20900000000000000000
USDT|bsc,0x58e5fb5d1bdbe4cfe8f406663e56b355e5e443703977ef66afbda1275d704060,0x1,0xfd6f1818fe746687ef5268f82ce1835ba1a94fdccee5f098a389aeed0067eb57,ckb1qzda0cr08m85hc8jlnfp3zer7xulejywt49kt2rr0vthywaa50xwsqwn3et6m2azv9x23l037r0k9r5rsanc49csxycg5,0x0000c2d33f9444970000000000000000,10900000000000000000
USDT|bsc,0x739f1da19e208885c7316fa620ba0618e1e089e092cd85a8060f3891a5143a05,0x1,0xfd6f1818fe746687ef5268f82ce1835ba1a94fdccee5f098a389aeed0067eb57,ckb1qz0n46hjl3pe2jwtepcvv5ehf9p6l94qvk9addgmarvfsvvrum6j7qgpvhsclhlj79p8jpk3jm8vmz7vnu84ru50qqwl9yen,0xaca78fb45e3290cb0000000000000000,14668279368683333548
USDT|bsc,0x62ce2aab4aba36117269b279698944b879eb111c658c7dcf629b42c3dd12f510,0x1,0xfd6f1818fe746687ef5268f82ce1835ba1a94fdccee5f098a389aeed0067eb57,ckb1qrgqep8saj8agswr30pls73hra28ry8jlnlc3ejzh3dl2ju7xxpjxqgqq9ff0y58rp337m0xvayl6dythgzp6ldfzqh84ngy,0x0000c9f50352771d0100000000000000,20570000000000000000
USDT|bsc,0x7c047c4d527468a8833b933700026bbc017a4b46d6e657dbe6f81bff54361c37,0x1,0xfd6f1818fe746687ef5268f82ce1835ba1a94fdccee5f098a389aeed0067eb57,ckb1qrgqep8saj8agswr30pls73hra28ry8jlnlc3ejzh3dl2ju7xxpjxqgqqycngg6kv3utkawfp5zm6ga63vtkymtsu5qpgpzf,0xbda9ba534cac6cab0000000000000000,12352437321792661949
USDT|bsc,0xbad5ca94a5e0f8bac96fc207ef758ad92a8702c4084e985050f5e6486909ca72,0x3,0xfd6f1818fe746687ef5268f82ce1835ba1a94fdccee5f098a389aeed0067eb57,ckb1qqqqlpcx9gh7nw62dnz82gfw5ygpfwzdavewqd67u50xa39920sqjqgu5dwttldyh42zuuweffk47nqdy4wk6ma6w0zpeazay6f7txesw2ksqqqqzqqqqqpsqqqqqwqqqqqqqqqqqqqqqqqqqqqqqqqqqqqqqqqqqqqqqqqqqqqqqqqqqqqqqqqqqqqqqqqqqqq82qqqqq2qqqqqxsqqqqrfqqqqqugqqqqqqqqqqqqqqqqqqqqqqqqqqqqqqqqqqqqqqqqqqqqqqqqqqqqqqqp4qqqqqyqqqqqrqqqqqqcsqqqqqqqqqqqqqqqqqqqqqqqqqqqqqqqqqqqqqqqqqqqqqqqqqqqqqqqqqqqqqqqqqqqqqqqqqqqqqqqqqqqh6ry0r,0x7c25281c0a5a25037300000000000000,2121602254832319079804
USDT|bsc,0x47ee6b6d5bfc53b70e70e3ef8b553b4dc803cbac4f060274d81bd3c5f6d3dd66,0x1,0xfd6f1818fe746687ef5268f82ce1835ba1a94fdccee5f098a389aeed0067eb57,ckb1qz0n46hjl3pe2jwtepcvv5ehf9p6l94qvk9addgmarvfsvvrum6j7qgp2lvsfctyetwvfz7a83q3p6pn8x6n343mqqd49snq,0x0000c84e676dc11b0000000000000000,2000000000000000000
ETH|bsc,0x1b236b8405316cd57e49833d0f98b49c10f19db9702e986dd9133dce05799590,0x1,0xd61ddc3184767d677be0d741883779aa9513293c4eaa4e0687b5b1caf845edfe,ckb1qzl58smqy32hnrq6vxjedcxe2fugvnz497h7yvwqvwel40uh4rltcqdkhzxwwv9glmxn4dtnrdhrskxw5ux5fxg98uvtj,0x0000be9a2be513000000000000000000,5600000000000000
ETH|bsc,0xf5bd246c314a47edcebd68312b2463b4ef974c3239816dc3ea178cfb8691657c,0x0,0xd61ddc3184767d677be0d741883779aa9513293c4eaa4e0687b5b1caf845edfe,ckb1qz0n46hjl3pe2jwtepcvv5ehf9p6l94qvk9addgmarvfsvvrum6j7qgpx8uhjxkvjf2qe45unfau9v7h5sfyuggqqqha0e0f,0x00a0e8d9e18f08000000000000000000,2410000000000000
ETH|bsc,0xc7374ada360ea334f2c3273cf1cc7aa3941c08e216e32b2ed256c94a87931c71,0x3,0xd61ddc3184767d677be0d741883779aa9513293c4eaa4e0687b5b1caf845edfe,ckb1qpzuzykljldwecnuftaq9vjtzhmygqaal4z6ktsw3rylk23y09436q2q6uls60zkrl92uvcw40qrpkxed2ws4umdp3g3fzpktz34pju78wjsqqqqzqqqqqraqqqqp8gqqqqx6qqqqqgqqqqqxqqqqqr9qqqqqqqqqqqqqqqqqqqqqqqqqqqqqqqqqqqqqqqqqqqqqqqqqqqqqqqqx5qqqqqsqqqqqvqqqqqrzqqqqqqqqqqqqqqqqqqqqqqqqqqqqqqqqqqqqqqqqqqqqqqqqqqqqqqqqqqqqqqqqqqqqqqqqqqqqqqqqqqqqqqqqqqqqqqqqqqqqqqqqqqqqqqqqqqqqqqqqqqqqqqqqqqqqqqqqqqqqq04v8fa,0xb9ecc9b38a81a0030000000000000000,261351211109313721
ETH|bsc,0x1550aa26b4486530af8f755e811c09ceab3fe3b8cbfb6731ec541f9bd0b15fde,0x1,0xd61ddc3184767d677be0d741883779aa9513293c4eaa4e0687b5b1caf845edfe,ckb1qz0n46hjl3pe2jwtepcvv5ehf9p6l94qvk9addgmarvfsvvrum6j7qgps44kxdylkmyp36nu6uc9fqawpmmf2mmvqqe86kkc,0x00a0e8d9e18f08000000000000000000,2410000000000000
BTCB|bsc,0xc892f1d3ddce6f70a35c939b899959795c8041c6aae399bcd836a318751663b9,0x1,0x9ea7beb4a36469e00bb30dbac75e93672441b483d519556ba9d1424b9294eae5,ckb1qzl58smqy32hnrq6vxjedcxe2fugvnz497h7yvwqvwel40uh4rltcqdkhzxwwv9glmxn4dtnrdhrskxw5ux5fxg98uvtj,0x00502269587001000000000000000000,405000000000000
BTCB|bsc,0x5afa11fbd13dfb81ce0ef8c7a90552a1a755f211c4637133503596b5d18585c8,0x1,0x9ea7beb4a36469e00bb30dbac75e93672441b483d519556ba9d1424b9294eae5,ckb1qz0n46hjl3pe2jwtepcvv5ehf9p6l94qvk9addgmarvfsvvrum6j7qgpt58vmf45sc4hu2tudqtvm9f279q773wjqqp3rfcy,0x0010a858651501000000000000000000,305000000000000
BTCB|bsc,0xf36a2cb9e0708bdcf0e27ff359bd32f403817904d99da916c829eae8cb78383e,0x2,0x9ea7beb4a36469e00bb30dbac75e93672441b483d519556ba9d1424b9294eae5,ckb1qz0n46hjl3pe2jwtepcvv5ehf9p6l94qvk9addgmarvfsvvrum6j7qgp3a37yu8u6hp0ghgqjdhxf3zc5t7tc26lqq96rxjq,0xe43f30cf3c0852000000000000000000,23090005357379556
BTCB|bsc,0x651340b7b51634778804c80089836c821fde1729f879545ad975b979436003a3,0x2,0x9ea7beb4a36469e00bb30dbac75e93672441b483d519556ba9d1424b9294eae5,ckb1qz0n46hjl3pe2jwtepcvv5ehf9p6l94qvk9addgmarvfsvvrum6j7qgprs6jare7qdw9ynerskqck3y9nyrd83c9qqfzc99j,0x8cff5c19a77200000000000000000000,126062010630028
BTCB|bsc,0x72edc3479fd5267b774b24e091636dbc56f704c3070b1e6a0900a82188f06233,0x3,0x9ea7beb4a36469e00bb30dbac75e93672441b483d519556ba9d1424b9294eae5,ckb1qqqqlpcx9gh7nw62dnz82gfw5ygpfwzdavewqd67u50xa39920sqjqgu5dwttldyh42zuuweffk47nqdy4wk6ma6w0zpeazay6f7txesw2ksqqqqzqqqqqpsqqqqqwqqqqqqqqqqqqqqqqqqqqqqqqqqqqqqqqqqqqqqqqqqqqqqqqqqqqqqqqqqqqqqqqqqqqq82qqqqq2qqqqqxsqqqqrfqqqqqugqqqqqqqqqqqqqqqqqqqqqqqqqqqqqqqqqqqqqqqqqqqqqqqqqqqqqqqp4qqqqqyqqqqqrqqqqqqcsqqqqqqqqqqqqqqqqqqqqqqqqqqqqqqqqqqqqqqqqqqqqqqqqqqqqqqqqqqqqqqqqqqqqqqqqqqqqqqqqqqqh6ry0r,0xd86e65bd203f86000000000000000000,37787056728272600
BTCB|bsc,0xabe407e5086676ee1476529e5836f7f4e5f62b4e699e559a581b9291c242f4ae,0x3,0x9ea7beb4a36469e00bb30dbac75e93672441b483d519556ba9d1424b9294eae5,ckb1qpzuzykljldwecnuftaq9vjtzhmygqaal4z6ktsw3rylk23y09436q2q6uls60zkrl92uvcw40qrpkxed2ws4umdp3g3fzpktz34pju78wjsqqqqzqqqqqraqqqqp8gqqqqx6qqqqqgqqqqqxqqqqqr9qqqqqqqqqqqqqqqqqqqqqqqqqqqqqqqqqqqqqqqqqqqqqqqqqqqqqqqqx5qqqqqsqqqqqvqqqqqrzqqqqqqqqqqqqqqqqqqqqqqqqqqqqqqqqqqqqqqqqqqqqqqqqqqqqqqqqqqqqqqqqqqqqqqqqqqqqqqqqqqqqqqqqqqqqqqqqqqqqqqqqqqqqqqqqqqqqqqqqqqqqqqqqqqqqqqqqqqqqq04v8fa,0x9ba10e930a9925000000000000000000,10582844834226587
WBNB|bsc,0x8ded1666dc9ff89299c30ca0ccbd64e5a75240172f4358c8a3094d43c8a433a3,0x1,0x29f425f897896c15ca11fd154d8e22ac56b5f49e683d0c88979ad44752fcd520,ckb1qzl58smqy32hnrq6vxjedcxe2fugvnz497h7yvwqvwel40uh4rltcqdkhzxwwv9glmxn4dtnrdhrskxw5ux5fxg98uvtj,0x00c0ff39a04796000000000000000000,42300000000000000
WBNB|bsc,0x4c417aaeab094e268e5b622797c3a73cde26d1e8dcf15b210019f88c8730c8e3,0x1,0x29f425f897896c15ca11fd154d8e22ac56b5f49e683d0c88979ad44752fcd520,ckb1qzda0cr08m85hc8jlnfp3zer7xulejywt49kt2rr0vthywaa50xwsqduqe6mx7qjh7my0flnmxtkky5d36n2e7s7u27z7,0xd6f291e572de86010000000000000000,110019825976341206
WBNB|bsc,0x57b5ffdf0ed6a0e7008011cdcc7a96ccc36c17b07edf9d364a488e728913991b,0x1,0x29f425f897896c15ca11fd154d8e22ac56b5f49e683d0c88979ad44752fcd520,ckb1qz0n46hjl3pe2jwtepcvv5ehf9p6l94qvk9addgmarvfsvvrum6j7qgpzktmvc7jdjhp0ddwun2qv85kq6tldzg9qq2v5t53,0x00c003f9696324010000000000000000,82300000000000000
WBNB|bsc,0x052ae65ac96ee4f1ab02d743c96502e5c8ddf1acb2374cf7e50ca5b67ce6e95a,0x3,0x29f425f897896c15ca11fd154d8e22ac56b5f49e683d0c88979ad44752fcd520,ckb1qpzuzykljldwecnuftaq9vjtzhmygqaal4z6ktsw3rylk23y09436q2q6uls60zkrl92uvcw40qrpkxed2ws4umdp3g3fzpktz34pju78wjsqqqqzqqqqqraqqqqp8gqqqqx6qqqqqgqqqqqxqqqqqr9qqqqqqqqqqqqqqqqqqqqqqqqqqqqqqqqqqqqqqqqqqqqqqqqqqqqqqqqx5qqqqqsqqqqqvqqqqqrzqqqqqqqqqqqqqqqqqqqqqqqqqqqqqqqqqqqqqqqqqqqqqqqqqqqqqqqqqqqqqqqqqqqqqqqqqqqqqqqqqqqqqqqqqqqqqqqqqqqqqqqqqqqqqqqqqqqqqqqqqqqqqqqqqqqqqqqqqqqqq04v8fa,0xfd642024699f2a020000000000000000,156112411024188669
WBNB|bsc,0x9b06ef58ea49d99041bfc73f34530f11447d1f7ac3c1321c7e7b68885da86c76,0x1,0x29f425f897896c15ca11fd154d8e22ac56b5f49e683d0c88979ad44752fcd520,ckb1qz0n46hjl3pe2jwtepcvv5ehf9p6l94qvk9addgmarvfsvvrum6j7qgpl4pd39m43j7wvms7lnmaeylkx8ecdugqqqzws3az,0x809252f254903f000000000000000000,17891618049921664
USDC|bsc,0x8ded1666dc9ff89299c30ca0ccbd64e5a75240172f4358c8a3094d43c8a433a3,0x2,0xcedd0f67f2d218ab992284ab343c2e729d2a124a1612592deaa9f8b8f8a581dd,ckb1qzl58smqy32hnrq6vxjedcxe2fugvnz497h7yvwqvwel40uh4rltcqdkhzxwwv9glmxn4dtnrdhrskxw5ux5fxg98uvtj,0x0000aa5d44b70b220100000000000000,20900000000000000000
USDC|bsc,0xc0b2ac1dfad50ab6140d97b51779c737a577e525dcb988048f03ab304e2d5159,0x1,0xcedd0f67f2d218ab992284ab343c2e729d2a124a1612592deaa9f8b8f8a581dd,ckb1qzl58smqy32hnrq6vxjedcxe2fugvnz497h7yvwqvwel40uh4rltcq2hfklws4h3tf7fvzms2g7e8369hyhpmdsve35hs,0x6c819fad23c8008f0000000000000000,10304456002986017132
USDC|bsc,0x25233d5c6fdf594f90dbc2e74b3ac623fa49eea3cff4313380716f6448bcab82,0x1,0xcedd0f67f2d218ab992284ab343c2e729d2a124a1612592deaa9f8b8f8a581dd,ckb1qz0n46hjl3pe2jwtepcvv5ehf9p6l94qvk9addgmarvfsvvrum6j7qgpmj86a3rdm3eecc9y9s0l6v6p2kml2wgnqqsdpze7,0x0000c2d33f9444970000000000000000,10900000000000000000
USDC|bsc,0x3d73d83d0471a4798ed24677f8ca694fdc954b1275409b0a46e072f537d93f2c,0x1,0xcedd0f67f2d218ab992284ab343c2e729d2a124a1612592deaa9f8b8f8a581dd,ckb1qzl58smqy32hnrq6vxjedcxe2fugvnz497h7yvwqvwel40uh4rltcqtqrukylqdrwmfg962d7x3w2rwrjfw5sxs8a38al,0x39c2880d160a83200100000000000000,20789471394704966201
USDC|bsc,0xfa933bfaec4501f821cf756574499d5a78cef1c8cf9317e3a00540a768cd0d3d,0x1,0xcedd0f67f2d218ab992284ab343c2e729d2a124a1612592deaa9f8b8f8a581dd,ckb1qzl58smqy32hnrq6vxjedcxe2fugvnz497h7yvwqvwel40uh4rltcqvvvf294f0j8flc3jp93xtrffts9vtx8ssat0ckj,0x8028a10de87055b80000000000000000,13282646817962535040
USDC|bsc,0xf8e2b161d748001358ef068c0767e0f6ef15eee6a9a284a77de69854993bb69f,0x1,0xcedd0f67f2d218ab992284ab343c2e729d2a124a1612592deaa9f8b8f8a581dd,ckb1qzl58smqy32hnrq6vxjedcxe2fugvnz497h7yvwqvwel40uh4rltcq2ttspe6ncxv04ls63p8cy88920xf9ud3c9yp6qr,0x00000e40c9b1497e0000000000000000,9100000000000000000
USDC|bsc,0xa0a40715ef2a950cd0b051757a9fce1077e2a7f1cd7767b06922e9a48719315f,0x1,0xcedd0f67f2d218ab992284ab343c2e729d2a124a1612592deaa9f8b8f8a581dd,ckb1qzl58smqy32hnrq6vxjedcxe2fugvnz497h7yvwqvwel40uh4rltcq2tgcms3nkvfml26qphr2nlugj98zmje9gq4te7s,0xf39a4c5c55c51e1c0000000000000000,2026273852774718195
USDC|bsc,0x9cdcce1b15f41af6883d0c49eba4ff7abfdc800c8a4d2ac22ea11ac7d543e9b8,0x1,0xcedd0f67f2d218ab992284ab343c2e729d2a124a1612592deaa9f8b8f8a581dd,ckb1qzl58smqy32hnrq6vxjedcxe2fugvnz497h7yvwqvwel40uh4rltcq0al5lqy9jhu937lydsz84skzh7jf2ptgq7l8mfw,0xce541644772019640000000000000000,7212831974826071246
USDC|bsc,0xe00635bffe158a47f0d68db1c3bb92f6aa30e93dea5a311b6ffa10f745b3a0be,0x1,0xcedd0f67f2d218ab992284ab343c2e729d2a124a1612592deaa9f8b8f8a581dd,ckb1qzda0cr08m85hc8jlnfp3zer7xulejywt49kt2rr0vthywaa50xwsq0vgwgs7hkcw85g79v4w9wlws288p3wl4s2qjejz,0x00007a714dfd99370200000000000000,40900000000000000000
USDC|bsc,0x4d8e31a8afe992c020c91891423cf3ca330b200a510fd1cdfae57789977afe30,0x1,0xcedd0f67f2d218ab992284ab343c2e729d2a124a1612592deaa9f8b8f8a581dd,ckb1qzl58smqy32hnrq6vxjedcxe2fugvnz497h7yvwqvwel40uh4rltcqw7fvnw3c3xenxkh6y67wtwy2rqhtmf6eq69vjh2,0x00007a714dfd99370200000000000000,40900000000000000000
USDC|bsc,0x9a167e5cd1e4fca83c9d17c268629fa7a01b154b01307d25bd2b751b815552fa,0x1,0xcedd0f67f2d218ab992284ab343c2e729d2a124a1612592deaa9f8b8f8a581dd,ckb1qzda0cr08m85hc8jlnfp3zer7xulejywt49kt2rr0vthywaa50xwsqdfld3ac2r0ty62h8fdc3kc8a5w86fh5qqk75f0f,0x0000022364ac7ded0400000000000000,90900000000000000000
USDC|bsc,0x0903f2682705a03c00cc5879e02b073ba6ca610de4f35e301cb4c589d9c04cd2,0x1,0xcedd0f67f2d218ab992284ab343c2e729d2a124a1612592deaa9f8b8f8a581dd,ckb1qz0n46hjl3pe2jwtepcvv5ehf9p6l94qvk9addgmarvfsvvrum6j7qgp3jtujqvwq93z69072ac724n5p2j20kx7qqc729ku,0x00e88da3df262c770500000000000000,100821001700000000000
USDC|bsc,0xf1628086626ec7b732fbb5e5e3e17b7a30c7bbe9e57461c42670a6eefc534fd1,0x0,0xcedd0f67f2d218ab992284ab343c2e729d2a124a1612592deaa9f8b8f8a581dd,ckb1qz0n46hjl3pe2jwtepcvv5ehf9p6l94qvk9addgmarvfsvvrum6j7qgp9pwhralym2y0wzpzyzpewln75ktmzv66qqh3xx3z,0x000064a7b3b6e00d0000000000000000,1000000000000000000
USDC|bsc,0x44a734a8ee7f3c3d7ae1db109bd154586c8d06179aee9a1a9261ca0cd520a3bf,0x0,0xcedd0f67f2d218ab992284ab343c2e729d2a124a1612592deaa9f8b8f8a581dd,ckb1qz0n46hjl3pe2jwtepcvv5ehf9p6l94qvk9addgmarvfsvvrum6j7qgpf29jr2vte33w25t98p2z366xmdqz6wckqq98jmjs,0xfe68439bb751c8110000000000000000,1281363943012657406
USDC|bsc,0xc04256ed7ce9e4295bafff656b0907424017b4dc5025af38fca2c6bcce166339,0x0,0xcedd0f67f2d218ab992284ab343c2e729d2a124a1612592deaa9f8b8f8a581dd,ckb1qz0n46hjl3pe2jwtepcvv5ehf9p6l94qvk9addgmarvfsvvrum6j7qgps8m8lusnrus9c23u2sjlecfufsf7gwqrqqsru80j,0x000064a7b3b6e00d0000000000000000,1000000000000000000
USDC|bsc,0x681b62122ad752697cfc5b88f75ec3d571d6d2625e36fab992b40ee7bed5db36,0x0,0xcedd0f67f2d218ab992284ab343c2e729d2a124a1612592deaa9f8b8f8a581dd,ckb1qz0n46hjl3pe2jwtepcvv5ehf9p6l94qvk9addgmarvfsvvrum6j7qgp7jve7j5nn8z9hnnmvghpa4vsa245vjk8qqlkneq4,0x1e7facbdca9163040000000000000000,316256698797686558
USDC|bsc,0x1d9654adc6e44bd9e330d651c206b400680b3a3ccd77a4917783c6168619ae53,0x0,0xcedd0f67f2d218ab992284ab343c2e729d2a124a1612592deaa9f8b8f8a581dd,ckb1qz0n46hjl3pe2jwtepcvv5ehf9p6l94qvk9addgmarvfsvvrum6j7qgpcdafk02ah0xvdcsj5le8lvkc6ekx8rg9qqfhg7dj,0x000064a7b3b6e00d0000000000000000,1000000000000000000
USDC|bsc,0x56a49457a703aef1c67469912999119bf8b8b8607eed9a5efb3e46d17ec45a05,0x0,0xcedd0f67f2d218ab992284ab343c2e729d2a124a1612592deaa9f8b8f8a581dd,ckb1qz0n46hjl3pe2jwtepcvv5ehf9p6l94qvk9addgmarvfsvvrum6j7qgpxhc8k39gs4xcvanem2hxf2mrsnhwa2gcqq2tw8hf,0x3a07efab1b7a8b7d0000000000000000,9046458535771047738
USDC|bsc,0x185893cad74db51d6d011d1c45d7bbfb9465f8526ce1902ef9f5d669bea79576,0x0,0xcedd0f67f2d218ab992284ab343c2e729d2a124a1612592deaa9f8b8f8a581dd,ckb1qz0n46hjl3pe2jwtepcvv5ehf9p6l94qvk9addgmarvfsvvrum6j7qgp6kjuphyvxqcqe7ung9mmg8et2d5hujufqqd0s9rn,0x37db128d8106d23f0000000000000000,4598745322986068791
USDC|bsc,0xc22753f0d8d156ab5c48b5d3c4a2383a7defa728af5c989040d13c934275d7c3,0x1,0xcedd0f67f2d218ab992284ab343c2e729d2a124a1612592deaa9f8b8f8a581dd,ckb1qz0n46hjl3pe2jwtepcvv5ehf9p6l94qvk9addgmarvfsvvrum6j7qgp89jgq5kvurr4pvt0r5e74j4s7lzq0xqdqq8q8jxs,0x00008a5d784563010000000000000000,100000000000000000
USDC|bsc,0x5f572739397decb47bf62d91d64d2aa5e9d2f60290bf481f1f769fe70fbdf509,0x0,0xcedd0f67f2d218ab992284ab343c2e729d2a124a1612592deaa9f8b8f8a581dd,ckb1qz0n46hjl3pe2jwtepcvv5ehf9p6l94qvk9addgmarvfsvvrum6j7qgpcdafk02ah0xvdcsj5le8lvkc6ekx8rg9qqfhg7dj,0x0000e8890423c78a0000000000000000,10000000000000000000
USDC|bsc,0x6a0625e54570750edb7028e8109cdb3168965725ec529e307991c467c0652812,0x1,0xcedd0f67f2d218ab992284ab343c2e729d2a124a1612592deaa9f8b8f8a581dd,ckb1qz0n46hjl3pe2jwtepcvv5ehf9p6l94qvk9addgmarvfsvvrum6j7qgp04p3hctvc6mjlsak099n0y5wgugy0e02qqyyrew0,0x6641e1a84fe020010000000000000000,81311426033041766
USDC|bsc,0x1b02aa16e162e2555f58796cca9a6f7e00751fed4496912fcfc3850be59a2ac8,0x1,0xcedd0f67f2d218ab992284ab343c2e729d2a124a1612592deaa9f8b8f8a581dd,ckb1qz0n46hjl3pe2jwtepcvv5ehf9p6l94qvk9addgmarvfsvvrum6j7qgpxge50pd99xhufkzj8vr7yzrnplpra9sdqqu78uzx,0x461d9aafa2f0cb000000000000000000,57404001793744198
USDC|bsc,0x30d7bfa0404dff45a7f00abad2da615507b400d13d3d8e29b85b7a68fc9ff0e5,0x0,0xcedd0f67f2d218ab992284ab343c2e729d2a124a1612592deaa9f8b8f8a581dd,ckb1qz0n46hjl3pe2jwtepcvv5ehf9p6l94qvk9addgmarvfsvvrum6j7qgpyp39m6zaed3pyvm8zvs2xhyhejltwzxsqqgvhed4,0x2403801151cd96980000000000000000,10995201288341291812
USDC|bsc,0x9e01eb24f05d0902895755407483518ded4a709b2b3373b00abf30198d29dbb4,0x0,0xcedd0f67f2d218ab992284ab343c2e729d2a124a1612592deaa9f8b8f8a581dd,ckb1qz0n46hjl3pe2jwtepcvv5ehf9p6l94qvk9addgmarvfsvvrum6j7qgpq6s9y00krs7gz53td85aa5mvqgau32weqq4w4xrv,0x8821aa702f9bc2da0000000000000000,15763332273806123400
USDC|bsc,0x46e538d248c65350751d839cd9cfc6396125219bd9f96c0fd2f00b63dbb0be0f,0x3,0xcedd0f67f2d218ab992284ab343c2e729d2a124a1612592deaa9f8b8f8a581dd,ckb1qrchzlhr3zccrl93gdfq2hqqkl48e47zwdg0l5dzm533upvamch76q2q6uls60zkrl92uvcw40qrpkxed2ws4umdp3g3fzpktz34pju78vjagvg66e0rxdukxs6rzucc5c5ce7a0ewxh4psc9rk66c3ryc76fd2wglgxnql8ysp3scutwmnxuxwr6kqlucgspl5er4m9v683kelgq5nsxqqqqqqqpmzzd34nype74tdjhewggd6escauwpzs8243909kpx2zwrjcx8gpqqqqqqqqqqqqqqqqqqqqqqqqqqqqqqqqqqqqqq8hnvcmw24fcmd3azg23ug0q9cyznjrjc3m76kxv4fghhtgsxu36cqqqqqqqqqqqqqqqqqqqqqqqqqqqqqqqqqqqqqqqqqqqqqqqqqqq2zpetp,0x0000d01309468e150100000000000000,20000000000000000000
USDC|bsc,0x7b408d722dd90ee55c7f8ad20953abe01388933b3f6b22384570399e320fcefc,0x0,0xcedd0f67f2d218ab992284ab343c2e729d2a124a1612592deaa9f8b8f8a581dd,ckb1qz0n46hjl3pe2jwtepcvv5ehf9p6l94qvk9addgmarvfsvvrum6j7qgpusmctgssv4evld20ppljvphduqz7mxnpqqsk8dfy,0x0000f444829163450000000000000000,5000000000000000000
USDC|bsc,0x1d0f9c3450fcdc313aa26698972f2fff9d08c418952c68e5e3372018f096bfd1,0x1,0xcedd0f67f2d218ab992284ab343c2e729d2a124a1612592deaa9f8b8f8a581dd,ckb1qz0n46hjl3pe2jwtepcvv5ehf9p6l94qvk9addgmarvfsvvrum6j7qgpf947p8jaf82p9rrz9tkw794574zf3nsnqq2dvg6q,0x45ad609bd10000000000000000000000,900254969157
USDC|bsc,0xa4f034596d115282c35d748e8b14bceff36cd846acffbaa26c1b2532ba3217f2,0x0,0xcedd0f67f2d218ab992284ab343c2e729d2a124a1612592deaa9f8b8f8a581dd,ckb1qz0n46hjl3pe2jwtepcvv5ehf9p6l94qvk9addgmarvfsvvrum6j7qgpan7d25ft8gr88yp2d9vzs6rnyvrdvzdcqqneu0dj,0x66df461371496a0b0000000000000000,822550631952080742
USDC|bsc,0xd0b9c1d52ff8c56755b030a95535149981d953a0a200bbb53bd23a3676b10db6,0x1,0xcedd0f67f2d218ab992284ab343c2e729d2a124a1612592deaa9f8b8f8a581dd,ckb1qz0n46hjl3pe2jwtepcvv5ehf9p6l94qvk9addgmarvfsvvrum6j7qgp7swr4ed26play8790093l6spxalk0xy0qqs4yjz4,0xdd2b0f729b4c00000000000000000000,84230517238749
USDC|bsc,0xa4d8ab3dfc9b0f8b94ee745ab8747d9e8284c533e268ba2326e27829c49507a5,0x0,0xcedd0f67f2d218ab992284ab343c2e729d2a124a1612592deaa9f8b8f8a581dd,ckb1qz0n46hjl3pe2jwtepcvv5ehf9p6l94qvk9addgmarvfsvvrum6j7qgph8hwd67keu9ed4673ct7j8fjtm6laulsqqe63qwt,0xdcab5305257fc2000000000000000000,54745942461754332
USDC|bsc,0xb6257fda4e5c21f8875dc123d13e701f66e6bb84bf1c1544e9346a2556e55c0c,0x1,0xcedd0f67f2d218ab992284ab343c2e729d2a124a1612592deaa9f8b8f8a581dd,ckb1qz0n46hjl3pe2jwtepcvv5ehf9p6l94qvk9addgmarvfsvvrum6j7qgpp73m3xk3y5fdj55wc37r5245hpmrx7vmqqx7355v,0xe3d7d762a15700000000000000000000,96350659663843
USDC|bsc,0x79078d89d8537d9c5d13939488b1fe2d77fa515ec0af4399e0282ac99e3a4390,0x0,0xcedd0f67f2d218ab992284ab343c2e729d2a124a1612592deaa9f8b8f8a581dd,ckb1qz0n46hjl3pe2jwtepcvv5ehf9p6l94qvk9addgmarvfsvvrum6j7qgpnmnsksvt5d69u7adxzqlm2at7cmr0jw0qqc2q4sk,0x000040f09bbce1080000000000000000,640000000000000000
USDC|bsc,0xef2d1861c2f2cff70d98cc3f02f31395b73d51585e2344598b8b6f4ad28ab767,0x1,0xcedd0f67f2d218ab992284ab343c2e729d2a124a1612592deaa9f8b8f8a581dd,ckb1qzl58smqy32hnrq6vxjedcxe2fugvnz497h7yvwqvwel40uh4rltcqt9rzdnpcs5mtc375j6cgu3j23y8qcrgzg82c4zh,0x0000c2d33f9444970000000000000000,10900000000000000000
USDC|bsc,0x545cac80df6ee4eca2bab4dc7d1e00e51e0e45164eb57bf25df33f7aa449fbcf,0x1,0xcedd0f67f2d218ab992284ab343c2e729d2a124a1612592deaa9f8b8f8a581dd,ckb1qz0n46hjl3pe2jwtepcvv5ehf9p6l94qvk9addgmarvfsvvrum6j7qgp6hd3agcqqe089zr5e3yuxnp0qs2znfqzqq8q2elg,0x00001286910a45590a00000000000000,190900000000000000000
USDC|bsc,0xc6fd540b9ae9e27c37194975ea67b395c29130c63b8c7fd7fbfdc8be334cd3c7,0x1,0xcedd0f67f2d218ab992284ab343c2e729d2a124a1612592deaa9f8b8f8a581dd,ckb1qz0n46hjl3pe2jwtepcvv5ehf9p6l94qvk9addgmarvfsvvrum6j7qgp43da3vag56c4xmuumjdcd2jrh366mh3jqqf8qg9w,0xb0720d3e68cd75a30000000000000000,11778546248058761904
USDC|bsc,0xb8cb58852326549a79ff19d309b533dbe8ed6d62ea5f63733bdcfdc1413d2eaf,0x1,0xcedd0f67f2d218ab992284ab343c2e729d2a124a1612592deaa9f8b8f8a581dd,ckb1qz0n46hjl3pe2jwtepcvv5ehf9p6l94qvk9addgmarvfsvvrum6j7qgp7gxvfa0ksshvt9rvyryyk5pxws5rt0zrqqfur5cu,0xa5bb87c3423b1ea30000000000000000,11753897235417906085
USDC|bsc,0x2fbd84c7674c56165fea442f3a3372312272bd1bf1fc91633982485d6f0827c2,0x1,0xcedd0f67f2d218ab992284ab343c2e729d2a124a1612592deaa9f8b8f8a581dd,ckb1qz0n46hjl3pe2jwtepcvv5ehf9p6l94qvk9addgmarvfsvvrum6j7qgpx2lytjfcjgc344luztdxprsyjdpj8runqq7dw42n,0x002b491e31ff9c7d0000000000000000,9051389937534446336
USDC|bsc,0x79a8a27eb8c67a8b0c2f979583141a1c22f3510ceb92fe6e2820e65564c5e5d6,0x1,0xcedd0f67f2d218ab992284ab343c2e729d2a124a1612592deaa9f8b8f8a581dd,ckb1qz0n46hjl3pe2jwtepcvv5ehf9p6l94qvk9addgmarvfsvvrum6j7qgpcw2js6wyrv02fsdp952hfkgw4waefyeuqqfjt0zt,0x0000c16ff28623000000000000000000,10000000000000000
USDC|bsc,0x01c406f854dcc7094910460b1eec629c298aa2386653a933f639e24ef72e57ef,0x2,0xcedd0f67f2d218ab992284ab343c2e729d2a124a1612592deaa9f8b8f8a581dd,ckb1qz0n46hjl3pe2jwtepcvv5ehf9p6l94qvk9addgmarvfsvvrum6j7qgp9nhwu7dp668lknsngaedupfcxn8ck0hvqqrjmvmc,0xd4b185ce79ba8aa40000000000000000,11856494001324929492
USDC|bsc,0x7bba5629cc6df40d755a4044709d4a4af35a43c49986a2e7793b2aa10977c4db,0x1,0xcedd0f67f2d218ab992284ab343c2e729d2a124a1612592deaa9f8b8f8a581dd,ckb1qzda0cr08m85hc8jlnfp3zer7xulejywt49kt2rr0vthywaa50xwsqfx4zgcz9z8n2h8nr4f3wlu4ycv3vx3vcs9x80dt,0x00245b9df53300000000000000000000,57130000000000
USDC|bsc,0x0c95fcc6d62197dcc81ce8eb008f403cda99aa2f88ffdc0c2b8844d0414ae88d,0x3,0xcedd0f67f2d218ab992284ab343c2e729d2a124a1612592deaa9f8b8f8a581dd,ckb1qpzuzykljldwecnuftaq9vjtzhmygqaal4z6ktsw3rylk23y09436q2q6uls60zkrl92uvcw40qrpkxed2ws4umdp3g3fzpktz34pju78wjsqqqqzqqqqqraqqqqp8gqqqqx6qqqqqgqqqqqxqqqqqr9qqqqqqqqqqqqqqqqqqqqqqqqqqqqqqqqqqqqqqqqqqqqqqqqqqqqqqqqx5qqqqqsqqqqqvqqqqqrzqqqqqqqqqqqqqqqqqqqqqqqqqqqqqqqqqqqqqqqqqqqqqqqqqqqqqqqqqqqqqqqqqqqqqqqqqqqqqqqqqqqqqqqqqqqqqqqqqqqqqqqqqqqqqqqqqqqqqqqqqqqqqqqqqqqqqqqqqqqqq04v8fa,0x865316823bf5077dcb07000000000000,36810263866266067817350
USDC|bsc,0x98690ccd02cfdf6d3b4905b04c8b948b69a2401c021914db7c1b7bc918891ebd,0x2,0xcedd0f67f2d218ab992284ab343c2e729d2a124a1612592deaa9f8b8f8a581dd,ckb1qz0n46hjl3pe2jwtepcvv5ehf9p6l94qvk9addgmarvfsvvrum6j7qgp0tv95454xze5pjp3d9awp6sl2g0j6ar4qqke4ljz,0xf12d7c7482dbf74a0000000000000000,5402027631400726001
USDC|bsc,0xbcb24ebea0686bd606f995b02e9cf20870b9d02e9a486589d3d62674e4670691,0x2,0xcedd0f67f2d218ab992284ab343c2e729d2a124a1612592deaa9f8b8f8a581dd,ckb1qz0n46hjl3pe2jwtepcvv5ehf9p6l94qvk9addgmarvfsvvrum6j7qgpp7u50jv0sm96s5s2x7lurp75m3qhs4twqqzjkx2a,0x000064a7b3b6e00d0000000000000000,1000000000000000000
USDC|bsc,0x3456c3e5eeda84a45cdd51c66455d4053ced26d05e77fbf1393b1359b553c115,0x0,0xcedd0f67f2d218ab992284ab343c2e729d2a124a1612592deaa9f8b8f8a581dd,ckb1qz0n46hjl3pe2jwtepcvv5ehf9p6l94qvk9addgmarvfsvvrum6j7qgpwthn40t2g03nhpncn9h9trfs6jvgystsqqz9gnyr,0xf4278a6bc1df95c61800000000000000,457031447181894756340
USDC|bsc,0x3627001902debd720148c821ab27ab07261d160ad841f37ba2b14e706f3c3d9f,0x3,0xcedd0f67f2d218ab992284ab343c2e729d2a124a1612592deaa9f8b8f8a581dd,ckb1qqqqlpcx9gh7nw62dnz82gfw5ygpfwzdavewqd67u50xa39920sqjqgu5dwttldyh42zuuweffk47nqdy4wk6ma6w0zpeazay6f7txesw2ksqqqqzqqqqqpsqqqqqwqqqqqqqqqqqqqqqqqqqqqqqqqqqqqqqqqqqqqqqqqqqqqqqqqqqqqqqqqqqqqqqqqqqqq82qqqqq2qqqqqxsqqqqrfqqqqqugqqqqqqqqqqqqqqqqqqqqqqqqqqqqqqqqqqqqqqqqqqqqqqqqqqqqqqqp4qqqqqyqqqqqrqqqqqqcsqqqqqqqqqqqqqqqqqqqqqqqqqqqqqqqqqqqqqqqqqqqqqqqqqqqqqqqqqqqqqqqqqqqqqqqqqqqqqqqqqqqh6ry0r,0x12a8ab4583f7d2d42800000000000000,753205354772713678866
USDC|bsc,0x4b17f845c678897a1f01826c8b462f72f2171b402186e9f5c70266e57a41aea7,0x0,0xcedd0f67f2d218ab992284ab343c2e729d2a124a1612592deaa9f8b8f8a581dd,ckb1qzda0cr08m85hc8jlnfp3zer7xulejywt49kt2rr0vthywaa50xwsqdf7tg4gg05c327xms5uegvrxnqm3xrptcveec5z,0x52f1e453215debd70000000000000000,15558631735404327250
iBFR|bsc,0x7e0ace4fa5539e22e7ae2eb7299376ea067429d4db26a3de90b65e07cfc79ac5,0x1,0x5e945aa680b40d9388d4988aee0aebdd2ad9185b6c0ebfd408fa974818de8b6a,ckb1qzl58smqy32hnrq6vxjedcxe2fugvnz497h7yvwqvwel40uh4rltcqdkhzxwwv9glmxn4dtnrdhrskxw5ux5fxg98uvtj,0x0000045923bb429c0300000000000000,66600000000000000000
iBFR|bsc,0x6b1ccba268b1fdbe7a034ad0b2cf6aacf42d2e6407e7e98e0ca9b444004ab037,0x1,0x5e945aa680b40d9388d4988aee0aebdd2ad9185b6c0ebfd408fa974818de8b6a,ckb1qz0n46hjl3pe2jwtepcvv5ehf9p6l94qvk9addgmarvfsvvrum6j7qgpas0sgsv82xntjze9dt528dcvke5k2wyaqq0rdjzj,0x000020c5fa2d4bd20100000000000000,33600000000000000000
iBFR|bsc,0x26634ebae5b70444ff81405ec2b262cbba8daf5f25130a2678423fc784df8842,0x3,0x5e945aa680b40d9388d4988aee0aebdd2ad9185b6c0ebfd408fa974818de8b6a,ckb1qpzuzykljldwecnuftaq9vjtzhmygqaal4z6ktsw3rylk23y09436q2q6uls60zkrl92uvcw40qrpkxed2ws4umdp3g3fzpktz34pju78wjsqqqqzqqqqqraqqqqp8gqqqqx6qqqqqgqqqqqxqqqqqr9qqqqqqqqqqqqqqqqqqqqqqqqqqqqqqqqqqqqqqqqqqqqqqqqqqqqqqqqx5qqqqqsqqqqqvqqqqqrzqqqqqqqqqqqqqqqqqqqqqqqqqqqqqqqqqqqqqqqqqqqqqqqqqqqqqqqqqqqqqqqqqqqqqqqqqqqqqqqqqqqqqqqqqqqqqqqqqqqqqqqqqqqqqqqqqqqqqqqqqqqqqqqqqqqqqqqqqqqqq04v8fa,0x0000408af55b96a40300000000000000,67200000000000000000
SFP|bsc,0x8ded1666dc9ff89299c30ca0ccbd64e5a75240172f4358c8a3094d43c8a433a3,0x3,0xc66b8a7f4869272e1fd0565535cb444c319b6baafd386c5857f08d87e396cfd5,ckb1qzl58smqy32hnrq6vxjedcxe2fugvnz497h7yvwqvwel40uh4rltcqdkhzxwwv9glmxn4dtnrdhrskxw5ux5fxg98uvtj,0x000015e0ad8a6ebd0000000000000000,13650000000000000000
SFP|bsc,0x471bf78b9807b50820774ec6e338d38be60a00b1d112a1927a81c1cd427853eb,0x1,0xc66b8a7f4869272e1fd0565535cb444c319b6baafd386c5857f08d87e396cfd5,ckb1qz0n46hjl3pe2jwtepcvv5ehf9p6l94qvk9addgmarvfsvvrum6j7qgpppdxr4ckgu6lc5mcukgttmg5fptpuxjgqqxrlfxe,0x0000219b2bf90a780000000000000000,8650000000000000000